cell_y_index,cell_x_index,point_names
132,76,"2_6_105_51297, 2_6_105_92264"
131,79,"2_6_105_63593, 2_6_89_71970"
134,75,2_6_105_92775
132,78,"2_6_105_96869, 2_6_105_61334"
120,89,2_6_35_56575
115,86,2_6_35_58697
117,87,2_6_35_71400
118,84,"2_6_35_78825, 2_6_35_73060"
122,87,2_6_35_80121
115,87,2_6_35_86030
115,83,2_6_35_92980
115,84,2_6_35_98013
125,90,2_6_49_73812
126,87,2_6_49_74246
126,91,"2_6_49_76419, 2_6_49_91897"
125,88,"2_6_49_79515, 2_6_49_96302"
128,89,2_6_49_94164
126,81,2_6_89_75406
121,81,2_6_89_81219
128,82,"2_6_89_83191, 2_6_89_84932, 2_6_89_72576, 2_6_89_55696"
121,80,"2_6_89_83866, 2_6_89_64273"
130,81,"2_6_89_87520, 2_6_93_61164, 2_6_89_75886"
130,85,"2_6_93_59756, 2_6_93_58201"
118,79,"3_6_103_65991, 3_6_103_88200"
95,79,"3_6_17_67622, 5_6_5_61543"
99,79,"3_6_17_80501, 3_6_17_73786, 3_6_17_66804"
98,77,"3_6_17_91277, 3_6_17_50288"
97,78,3_6_17_91643
103,77,3_6_61_53993
100,78,3_6_61_59106
102,78,3_6_61_84677
100,77,"3_6_61_86237, 3_6_61_58134"
114,80,"3_6_63_50218, 3_6_63_60183"
109,82,3_6_63_54163
110,79,3_6_63_66545
113,82,"3_6_63_66988, 3_6_63_57519, 3_6_63_84416"
108,83,3_6_63_73981
112,81,"3_6_63_79087, 3_6_63_65133, 3_6_63_78794"
110,81,"3_6_63_98023, 3_6_63_52651"
112,77,"3_6_7_89092, 3_6_7_95807"
107,83,3_6_91_70607
107,78,"3_6_91_85651, 3_6_91_95042"
58,73,"5_6_107_52187, 5_6_107_90023"
59,74,"5_6_107_53345, 5_6_107_96399, 5_6_107_99277"
63,72,5_6_107_55147
62,73,5_6_107_68934
64,73,5_6_107_70996
68,74,5_6_107_75302
58,74,"5_6_107_91832, 5_6_107_92408"
61,74,5_6_107_95459
85,76,"5_6_109_82997, 5_6_109_51824, 5_6_109_78971"
87,74,"5_6_109_95908, 5_6_109_53951"
72,76,5_6_19_50651
79,77,5_6_39_64363
77,74,"5_6_39_84285, 5_6_39_67260"
90,79,5_6_3_67431
93,79,"5_6_3_98052, 5_6_3_58235"
82,72,5_6_43_66480
94,76,"5_6_5_55365, 5_6_5_54566"
92,75,"5_6_9_76472, 5_6_109_85336, 5_6_9_65997"
134,76,"2_6_105_73516, 2_6_105_76623"
132,75,"2_6_105_92899, 2_6_105_64952, 2_6_105_76449"
127,88,2_6_49_75095
126,90,2_6_49_80178
121,83,"2_6_89_55136, 2_6_89_91137"
119,82,"2_6_89_69149, 2_6_35_52154"
123,81,2_6_89_91772
130,87,"2_6_93_86196, 2_6_93_63920, 2_6_93_52619"
132,80,"2_6_93_94605, 2_6_93_53473, 2_6_93_95092"
127,87,"2_6_93_97968, 2_6_93_92351"
129,85,"2_6_93_99432, 2_6_93_69453"
116,76,"3_6_103_58576, 3_6_103_78492"
116,79,3_6_103_66280
118,80,"3_6_103_95249, 3_6_103_51328"
96,74,"3_6_17_54258, 3_6_17_69773"
95,76,3_6_17_60444
97,77,3_6_17_97297
105,80,3_6_57_64922
106,77,3_6_57_99642
102,76,"3_6_61_69600, 3_6_61_50404, 3_6_61_92405"
113,81,"3_6_63_58788, 3_6_63_86700"
108,85,"3_6_63_68620, 3_6_63_95797"
116,80,3_6_63_73947
113,80,3_6_63_79234
112,84,"3_6_63_92614, 3_6_63_72624, 3_6_63_98595"
112,86,"3_6_63_93409, 3_6_63_64120"
107,81,"3_6_91_62246, 3_6_91_68914"
66,74,5_6_107_57896
61,73,5_6_107_60974
63,74,5_6_107_64398
56,73,"5_6_107_68190, 5_6_29_95529"
63,73,5_6_107_85606
65,74,"5_6_107_86537, 5_6_107_97619"
86,72,5_6_109_54060
90,78,5_6_109_62518
85,73,5_6_109_89546
85,74,"5_6_109_98713, 5_6_109_92098"
74,74,"5_6_19_72118, 5_6_19_73952"
73,75,"5_6_19_96929, 5_6_19_66005"
79,74,5_6_39_57309
79,79,"5_6_39_91930, 5_6_39_88388, 5_6_39_82286"
92,79,"5_6_3_62317, 5_6_3_65481"
92,81,"5_6_3_69589, 5_6_3_89745"
92,82,5_6_3_82766
81,74,"5_6_43_93434, 5_6_43_82595, 5_6_43_52879"
93,76,5_6_9_54216
130,74,2_6_105_78587
132,77,"2_6_105_97440, 2_6_105_52478, 2_6_105_63829"
124,87,2_6_35_64409
121,85,2_6_35_78858
117,84,2_6_35_94048
124,90,2_6_49_67806
123,85,2_6_89_60453
126,83,2_6_89_68109
120,82,2_6_89_81343
130,80,"2_6_89_85151, 2_6_89_90106"
131,84,"2_6_93_52095, 2_6_93_83276"
131,83,2_6_93_61642
131,88,2_6_93_74242
128,84,"2_6_93_82828, 2_6_93_82460"
131,86,2_6_93_91215
130,88,2_6_93_95170
117,79,"3_6_103_57968, 3_6_103_66700"
108,77,"3_6_115_51465, 3_6_91_58667, 3_6_115_58957"
100,75,"3_6_17_61501, 3_6_17_85490, 3_6_17_96427, 3_6_17_61382"
96,76,"3_6_17_73744, 3_6_17_85417"
98,76,3_6_17_77991
96,75,"3_6_17_84159, 3_6_17_86733"
95,75,"3_6_17_97782, 5_6_5_72936, 3_6_17_55516, 3_6_17_51640, 3_6_17_72703"
103,76,"3_6_61_63946, 3_6_61_82889"
115,81,"3_6_63_56274, 3_6_63_94114, 3_6_63_90310"
110,80,"3_6_63_61281, 3_6_63_99431, 3_6_63_87788, 3_6_63_64592"
111,82,"3_6_63_62514, 3_6_63_84449"
113,86,"3_6_63_68365, 2_6_35_70284, 2_6_35_56642"
113,78,3_6_63_90837
118,82,"3_6_63_95551, 3_6_63_55309"
112,76,"3_6_7_97350, 3_6_7_71649, 3_6_7_81517"
116,77,3_6_7_99822
106,79,"3_6_91_91513, 3_6_91_65292"
106,83,3_6_91_98691
64,77,5_6_107_73557
67,76,"5_6_107_91538, 5_6_107_94775, 5_6_107_96721"
91,77,"5_6_109_73820, 5_6_109_76539, 5_6_109_75699"
90,75,5_6_109_74692
86,76,"5_6_109_87824, 5_6_109_53207, 5_6_109_70650"
90,76,"5_6_109_97983, 5_6_109_90611"
69,75,"5_6_19_62985, 5_6_19_74199"
76,74,5_6_19_77546
77,76,5_6_19_92835
57,70,5_6_29_65496
79,78,5_6_39_91052
80,73,5_6_43_54585
82,74,5_6_43_78845
95,74,5_6_5_78549
93,75,"5_6_9_67709, 5_6_9_83898"
130,76,"2_6_105_76437, 2_6_105_84136"
134,80,2_6_105_94754
131,76,2_6_105_96639
115,85,"2_6_35_63948, 2_6_35_59624"
117,85,2_6_35_73299
123,88,2_6_35_96414
129,89,2_6_49_53662
127,100,2_6_49_65134
124,97,2_6_49_77038
125,91,"2_6_49_97560, 2_6_49_60210"
127,80,2_6_89_52614
127,84,"2_6_89_58146, 2_6_89_55387, 2_6_89_78722, 2_6_89_94277"
127,79,2_6_89_68386
121,82,2_6_89_68434
126,82,"2_6_89_91300, 2_6_89_66502"
122,84,2_6_89_93267
122,81,"2_6_89_97816, 2_6_89_78171"
98,78,3_6_17_95791
101,75,"3_6_17_98576, 3_6_17_73495"
105,79,3_6_57_87496
101,78,"3_6_61_66914, 3_6_61_93000"
115,78,"3_6_63_50463, 3_6_7_58490"
111,81,3_6_63_52679
114,81,"3_6_63_53093, 3_6_63_77292"
108,86,3_6_63_67826
111,84,"3_6_63_70055, 3_6_63_81739"
116,81,3_6_63_71881
117,82,3_6_63_99218
111,77,"3_6_7_77257, 3_6_7_78236"
104,85,3_6_91_57875
108,79,"3_6_91_69982, 3_6_91_99653"
106,81,3_6_91_78931
105,82,3_6_91_90805
61,77,5_6_107_62226
61,72,"5_6_107_75966, 5_6_107_62252"
60,73,"5_6_107_84972, 5_6_107_54465"
67,74,5_6_107_96742
64,76,5_6_107_99288
88,76,"5_6_109_59609, 5_6_109_77218"
85,77,"5_6_109_61342, 5_6_109_87610"
74,75,"5_6_19_63135, 5_6_19_69038"
76,78,"5_6_19_89633, 5_6_19_60572"
75,74,5_6_19_93206
77,77,"5_6_19_93554, 5_6_19_64321"
58,70,"5_6_29_85109, 5_6_107_56883"
90,80,5_6_3_76892
79,80,5_6_51_90179
92,74,5_6_9_64046
94,75,"5_6_9_64364, 5_6_9_55452"
132,74,"2_6_105_51218, 2_6_105_75624"
133,75,"2_6_105_63314, 2_6_105_73028, 2_6_105_91548"
132,79,"2_6_105_67471, 2_6_105_62696, 2_6_93_92550"
133,77,2_6_105_93031
111,86,2_6_35_64772
126,99,2_6_49_55447
130,78,"2_6_89_63272, 2_6_89_89779, 2_6_89_61825"
124,83,2_6_89_74652
122,80,"2_6_89_80913, 2_6_89_88898"
130,79,"2_6_89_84177, 2_6_89_69793"
129,82,2_6_89_94753
108,76,3_6_115_98323
104,79,3_6_57_57153
105,78,"3_6_57_59992, 3_6_57_87962"
103,80,3_6_61_52287
102,74,3_6_61_87710
101,77,"3_6_61_92676, 3_6_61_92313"
109,78,"3_6_63_67253, 3_6_115_54964"
112,80,3_6_63_76784
116,83,3_6_63_79837
111,80,"3_6_63_83149, 3_6_63_84403, 3_6_63_88319"
111,78,3_6_63_84270
107,82,3_6_91_66378
103,83,3_6_91_99550
69,74,"5_6_107_97549, 5_6_19_50529"
88,74,5_6_109_64293
75,78,5_6_19_63979
72,74,5_6_19_68056
71,77,5_6_19_90478
78,75,"5_6_39_51106, 5_6_39_63788"
80,74,"5_6_39_79129, 5_6_39_66134"
92,80,5_6_3_75212
82,77,5_6_43_53915
83,74,5_6_43_56491
83,76,5_6_43_58153
82,76,5_6_43_74275
82,75,5_6_43_94933
130,75,"2_6_105_76091, 2_6_105_95584, 2_6_105_91348"
131,74,"2_6_105_91958, 2_6_105_53434, 2_6_105_96468"
119,87,2_6_35_58810
114,84,2_6_35_60362
119,88,2_6_35_63393
114,85,2_6_35_66685
120,79,"2_6_89_51097, 3_6_103_52207, 2_6_89_92426"
129,81,2_6_89_64402
125,82,"2_6_89_74440, 2_6_89_72361"
124,81,2_6_89_80049
131,81,2_6_93_77579
119,80,"3_6_103_75319, 3_6_103_72948"
117,80,"3_6_103_94950, 3_6_103_84687"
107,76,3_6_115_63759
98,79,3_6_17_57993
101,74,3_6_17_61249
96,77,3_6_17_72729
104,78,3_6_57_53985
103,78,3_6_61_51204
102,81,"3_6_61_58715, 3_6_61_90898"
101,79,3_6_61_66414
100,80,"3_6_61_95963, 3_6_61_56959"
109,84,3_6_63_53845
110,84,3_6_63_95034
114,77,3_6_7_58831
109,77,"3_6_7_79676, 3_6_7_51123"
108,78,3_6_91_60422
106,80,"3_6_91_64136, 3_6_57_74346"
104,81,"3_6_91_78136, 3_6_91_99210"
107,79,3_6_91_96403
60,72,"5_6_107_61295, 5_6_107_90793, 5_6_107_97204"
67,75,5_6_107_84235
91,74,5_6_109_89998
89,75,5_6_109_99065
75,75,"5_6_19_86025, 5_6_19_87920, 5_6_19_81722"
78,73,5_6_39_67711
78,78,5_6_39_68205
95,81,5_6_3_50336
90,69,5_6_9_76890
131,78,2_6_105_55197
133,78,2_6_105_72278
120,86,"2_6_35_70876, 2_6_35_72567"
122,90,2_6_35_81494
126,88,2_6_49_69223
120,81,"2_6_89_61234, 2_6_89_60797"
122,82,2_6_89_99073
129,86,"2_6_93_64594, 2_6_93_64933"
130,82,2_6_93_69817
118,78,3_6_103_83227
97,79,3_6_17_65124
101,76,"3_6_17_77031, 3_6_17_64677"
99,75,3_6_17_86442
105,77,3_6_57_72006
99,80,3_6_61_87091
109,86,3_6_63_69107
111,83,3_6_63_80523
109,81,3_6_63_85235
117,81,"3_6_63_97060, 3_6_63_56393"
103,85,3_6_91_66678
109,79,3_6_91_71262
58,75,"5_6_107_60599, 5_6_107_64596"
57,74,5_6_107_77409
62,74,"5_6_107_79019, 5_6_107_53570"
61,71,5_6_107_84653
60,71,5_6_107_93670
68,76,5_6_19_59575
54,70,5_6_29_72550
91,78,5_6_3_78499
83,75,5_6_43_84069
91,73,5_6_9_78914
119,84,2_6_35_81047
122,96,2_6_49_88241
123,92,2_6_49_89672
127,78,2_6_89_53811
128,81,"2_6_89_59754, 2_6_89_79595"
127,85,2_6_89_75696
129,77,2_6_89_88254
124,82,2_6_89_92958
127,82,2_6_89_96812
129,88,2_6_93_57608
130,84,2_6_93_62065
128,86,"2_6_93_65184, 2_6_93_66757"
130,86,2_6_93_91911
117,78,"3_6_103_78438, 3_6_103_82900"
99,78,3_6_17_73339
101,83,3_6_61_56264
103,79,3_6_61_62231
114,83,3_6_63_75269
114,79,3_6_63_77293
112,83,3_6_63_78119
114,82,3_6_63_92750
115,76,3_6_7_53039
113,77,3_6_7_96449
107,80,"3_6_91_50167, 3_6_91_98366, 3_6_91_90686"
59,75,5_6_107_62149
57,72,5_6_107_65803
89,74,"5_6_109_65725, 5_6_109_51484"
85,75,5_6_109_78426
88,73,5_6_109_88701
86,75,5_6_109_88765
56,69,"5_6_29_80054, 5_6_29_52361"
78,74,"5_6_39_53530, 5_6_39_98938"
93,80,5_6_3_65091
93,78,5_6_3_85143
81,76,5_6_43_54487
131,75,2_6_105_55988
133,79,2_6_105_82808
107,87,2_6_35_86203
121,95,2_6_49_89657
122,79,2_6_89_57352
120,83,2_6_89_82323
131,87,2_6_93_62828
97,76,"3_6_17_81421, 3_6_17_78404"
95,78,3_6_17_91575
119,81,3_6_63_83144
112,78,3_6_63_92541
115,80,3_6_63_95686
115,77,3_6_7_92030
104,83,3_6_91_92506
88,75,5_6_109_94331
91,75,5_6_109_96366
84,74,5_6_109_98431
71,75,5_6_19_74103
70,74,5_6_19_99257
91,79,5_6_3_54594
81,75,5_6_43_58889
92,76,5_6_9_77228
119,83,2_6_35_86836
124,93,2_6_49_64415
120,80,2_6_89_57442
121,79,2_6_89_91831
129,83,2_6_93_95740
101,82,3_6_61_63544
102,77,3_6_61_76008
102,79,3_6_61_93006
109,80,3_6_91_97328
84,75,5_6_109_73865
73,76,5_6_19_54781
124,92,2_6_49_63662
128,80,2_6_89_55801
99,77,3_6_17_57624
102,75,3_6_61_51970
100,83,3_6_61_66411
60,77,5_6_107_66883
57,73,5_6_107_80767
90,74,5_6_109_75599
