"ID","LON","LAT","Elevation_m","Date","ppt_mm","tmean_degC","pltID"
1,-122.7456,41.1025,1055,"Annual",1648.31,12.1,"2_6_105_51297"
2,-122.4584,41.1287,1792,"Annual",1935.98,8.1,"2_6_105_63593"
3,-122.9348,41.1281,1589,"Annual",1585.16,9,"2_6_105_92775"
4,-122.6058,41.1446,1481,"Annual",1376.78,10,"2_6_105_96869"
5,-120.8023,40.9341,1765,"Annual",388.23,7.2,"2_6_35_56575"
6,-120.7545,40.4273,1525,"Annual",498.93,8.3,"2_6_35_58697"
7,-120.8016,40.5887,1560,"Annual",447.7,7.6,"2_6_35_71400"
8,-121.1061,40.5712,1914,"Annual",574.51,6.3,"2_6_35_78825"
9,-121.0631,40.9373,1628,"Annual",502.66,8.7,"2_6_35_80121"
10,-120.6207,40.4892,1803,"Annual",481.75,8.1,"2_6_35_86030"
11,-121.0548,40.2573,1885,"Annual",1162.81,7.5,"2_6_35_92980"
12,-120.9108,40.3156,1652,"Annual",974.21,7.9,"2_6_35_98013"
13,-121.0423,41.287,1617,"Annual",516.26,8.7,"2_6_49_73812"
14,-121.3616,41.2614,1507,"Annual",572.69,9.3,"2_6_49_74246"
15,-121.0493,41.4258,1441,"Annual",483.16,9,"2_6_49_76419"
16,-121.2732,41.1893,1411,"Annual",560.52,9.8,"2_6_49_79515"
17,-121.3704,41.4338,1355,"Annual",576.81,9.2,"2_6_49_94164"
18,-121.9273,40.8948,841,"Annual",1576.71,13.7,"2_6_89_75406"
19,-121.5963,40.5974,1769,"Annual",1100.74,7.9,"2_6_89_81219"
20,-121.971,41.0458,749,"Annual",1954.52,12.8,"2_6_89_83191"
21,-121.7163,40.5235,1272,"Annual",1198.43,11.4,"2_6_89_83866"
22,-122.1447,41.1586,974,"Annual",1530.59,11.4,"2_6_89_87520"
23,-121.8232,41.3448,1517,"Annual",1169.39,8.5,"2_6_93_59756"
24,-121.5406,40.2531,1596,"Annual",1453.84,9.8,"3_6_103_65991"
25,-120.1216,38.7472,2298,"Annual",1599.85,6.3,"3_6_17_67622"
26,-120.3038,38.9985,2016,"Annual",1667.92,7.5,"3_6_17_80501"
27,-120.4525,38.8751,1526,"Annual",1489.16,11,"3_6_17_91277"
28,-120.2981,38.852,1904,"Annual",1798.24,8.7,"3_6_17_91643"
29,-120.7597,39.1656,1110,"Annual",1460.53,13.2,"3_6_61_53993"
30,-120.4628,39.0402,1596,"Annual",1549.06,10.2,"3_6_61_59106"
31,-120.5962,39.1514,1620,"Annual",1734.8,10.5,"3_6_61_84677"
32,-120.6039,38.998,1340,"Annual",1516.58,12.3,"3_6_61_86237"
33,-121.208,40.1092,1466,"Annual",1016.11,10.3,"3_6_63_50218"
34,-120.7085,39.7893,1584,"Annual",1405.99,8.8,"3_6_63_54163"
35,-121.0215,39.7717,1286,"Annual",1863.63,11.1,"3_6_63_66545"
36,-121.0228,40.0955,1598,"Annual",1063.42,9.4,"3_6_63_66988"
37,-120.5263,39.8466,1770,"Annual",621.22,7.8,"3_6_63_73981"
38,-121.0119,39.9491,1259,"Annual",1079.14,11,"3_6_63_79087"
39,-120.8499,39.8473,1507,"Annual",1452.54,9.5,"3_6_63_98023"
40,-121.3218,39.7626,896,"Annual",1801.66,14.2,"3_6_7_89092"
41,-120.5201,39.6956,1634,"Annual",733.5,8.3,"3_6_91_70607"
42,-120.908,39.5054,1380,"Annual",1584.06,11.9,"3_6_91_85651"
43,-118.382,35.893,2545,"Annual",847.81,6.9,"5_6_107_52187"
44,-118.3985,36.0613,2451,"Annual",982.62,7.1,"5_6_107_53345"
45,-118.7171,36.2057,1512,"Annual",818.89,12.3,"5_6_107_55147"
46,-118.596,36.163,2274,"Annual",1109.59,7.8,"5_6_107_68934"
47,-118.7176,36.3528,2221,"Annual",1042.53,8.4,"5_6_107_70996"
48,-118.9061,36.6543,1731,"Annual",924.2,10.3,"5_6_107_75302"
49,-118.2907,36.019,2410,"Annual",680.66,6.8,"5_6_107_91832"
50,-118.4144,36.2075,2067,"Annual",1028.02,8.9,"5_6_107_95459"
51,-119.7419,37.9088,2015,"Annual",1285.24,9.5,"5_6_109_82997"
52,-120.03,37.9296,1213,"Annual",1042.68,13.4,"5_6_109_95908"
53,-118.9148,36.9914,2701,"Annual",1277.29,5.5,"5_6_19_50651"
54,-119.2558,37.6045,2687,"Annual",937.92,5.5,"5_6_39_64363"
55,-119.3984,37.3057,1957,"Annual",1188.87,10.1,"5_6_39_84285"
56,-119.7983,38.4265,2194,"Annual",1567.32,6.4,"5_6_3_67431"
57,-119.967,38.5516,2204,"Annual",1581.69,6.3,"5_6_3_98052"
58,-119.8608,37.5585,1124,"Annual",1015.9,14.2,"5_6_43_66480"
59,-120.239,38.5289,1820,"Annual",1960.53,10.1,"5_6_5_55365"
60,-120.2515,38.3643,1684,"Annual",1384.44,10.6,"5_6_9_76472"
61,-122.8884,41.1644,1727,"Annual",1570.06,8,"2_6_105_73516"
62,-122.7437,41.0516,1315,"Annual",1745.36,11.3,"2_6_105_92264"
63,-122.8614,40.9904,1910,"Annual",2487.59,7.4,"2_6_105_92899"
64,-121.3499,41.3011,1356,"Annual",557,9.6,"2_6_49_75095"
65,-121.1613,41.3539,1360,"Annual",486.56,9.2,"2_6_49_80178"
66,-121.3953,40.6943,1544,"Annual",679.72,8.9,"2_6_89_55136"
67,-121.3907,40.4985,2087,"Annual",1703.04,6.4,"2_6_89_69149"
68,-121.9043,41.0939,802,"Annual",1674.41,12.6,"2_6_89_84932"
69,-121.7193,40.6629,1652,"Annual",1305.55,9,"2_6_89_91772"
70,-121.6389,41.4367,1351,"Annual",810.4,9.5,"2_6_93_86196"
71,-122.4243,41.2397,1548,"Annual",1850.74,9.1,"2_6_93_94605"
72,-121.4635,41.3265,1349,"Annual",676.01,9.7,"2_6_93_97968"
73,-121.8033,41.305,1359,"Annual",1022.88,9.5,"2_6_93_99432"
74,-121.6816,40.0497,1072,"Annual",1482.8,13.3,"3_6_103_58576"
75,-121.466,40.1586,1805,"Annual",1743.96,8.6,"3_6_103_66280"
76,-121.5012,40.3176,1574,"Annual",1413.08,8.8,"3_6_103_95249"
77,-120.5644,38.6123,943,"Annual",1156.09,14.3,"3_6_17_54258"
78,-120.3716,38.6054,1691,"Annual",1572.37,10.2,"3_6_17_60444"
79,-120.4288,38.758,1345,"Annual",1392.66,12.1,"3_6_17_97297"
80,-120.6045,39.4293,2029,"Annual",1996.93,7.5,"3_6_57_64922"
81,-120.9357,39.3951,1081,"Annual",1576.3,13.1,"3_6_57_99642"
82,-120.564,38.9498,1300,"Annual",1447.54,12.7,"3_6_61_58134"
83,-120.7396,39.0464,1043,"Annual",1423.63,14.1,"3_6_61_69600"
84,-121.0152,40.0507,1099,"Annual",929.06,11.1,"3_6_63_58788"
85,-120.3792,39.9361,1853,"Annual",612.9,7.2,"3_6_63_68620"
86,-121.3357,40.198,1796,"Annual",1331.09,8,"3_6_63_73947"
87,-121.1466,40.0047,1224,"Annual",1082.58,11.3,"3_6_63_79234"
88,-120.7003,40.0871,1707,"Annual",753.69,8.8,"3_6_63_92614"
89,-120.5683,40.1927,1780,"Annual",629.06,8.3,"3_6_63_93409"
90,-120.6166,39.6325,1865,"Annual",1838.88,8.3,"3_6_91_62246"
91,-118.7206,36.5575,1499,"Annual",829.17,12.7,"5_6_107_57896"
92,-118.5329,36.1537,2355,"Annual",1202.37,7.1,"5_6_107_60974"
93,-118.5299,36.3061,2268,"Annual",1095.93,7.1,"5_6_107_64398"
94,-118.2193,35.8109,1635,"Annual",384.47,13.1,"5_6_107_68190"
95,-118.6795,36.2503,1994,"Annual",1107.8,9.2,"5_6_107_85606"
96,-118.7032,36.4055,1836,"Annual",928.79,10.4,"5_6_107_86537"
97,-118.3961,35.9186,2268,"Annual",825.53,8.2,"5_6_107_90023"
98,-120.024,37.974,1212,"Annual",1066.54,13,"5_6_109_53951"
99,-120.1564,37.8141,900,"Annual",960.03,13.7,"5_6_109_54060"
100,-119.8798,38.348,2207,"Annual",1594.67,7.2,"5_6_109_62518"
101,-120.205,38.3098,1564,"Annual",1317.05,11.1,"5_6_109_85336"
102,-119.9899,37.8096,1214,"Annual",988.55,13.5,"5_6_109_89546"
103,-119.8729,37.8564,1264,"Annual",906.83,12.6,"5_6_109_98713"
104,-119.2234,37.0824,1994,"Annual",1015.4,9.3,"5_6_19_72118"
105,-119.042,37.0475,2403,"Annual",1389.51,6.8,"5_6_19_96929"
106,-119.5409,37.3704,1594,"Annual",1081.8,11.8,"5_6_39_57309"
107,-119.0984,37.6889,2969,"Annual",889.68,3.5,"5_6_39_91930"
108,-119.8957,38.4926,2653,"Annual",1817.52,4.2,"5_6_3_62317"
109,-119.7665,38.6404,2142,"Annual",898.35,6.8,"5_6_3_69589"
110,-119.6475,38.688,2259,"Annual",664.26,6.3,"5_6_3_82766"
111,-119.7006,38.5897,2348,"Annual",827.71,5.8,"5_6_3_89745"
112,-119.6716,37.4954,1624,"Annual",1053.41,11.5,"5_6_43_93434"
113,-120.2404,38.4805,1490,"Annual",1285.38,11.9,"5_6_9_54216"
114,-122.5584,41.1539,1752,"Annual",1540.33,7.9,"2_6_105_61334"
115,-122.813,40.7983,884,"Annual",1099.14,11.6,"2_6_105_78587"
116,-122.6872,41.0915,1276,"Annual",1389.5,11.3,"2_6_105_97440"
117,-121.251,41.1112,1543,"Annual",554.91,9.2,"2_6_35_64409"
118,-121.2212,40.7674,1847,"Annual",740.61,7.4,"2_6_35_78858"
119,-121.0084,40.4434,1730,"Annual",811,6.6,"2_6_35_94048"
120,-120.976,41.2727,1637,"Annual",511.14,8.8,"2_6_49_67806"
121,-121.3921,40.8899,1285,"Annual",543.1,10.5,"2_6_89_60453"
122,-121.6603,40.524,1400,"Annual",1171.86,10.6,"2_6_89_64273"
123,-121.716,40.9999,987,"Annual",947.24,11.5,"2_6_89_68109"
124,-121.3729,40.5592,1982,"Annual",1331.7,7,"2_6_89_81343"
125,-122.2879,41.0911,967,"Annual",1829.37,12.8,"2_6_89_85151"
126,-121.9367,41.3787,1331,"Annual",1310.61,9.3,"2_6_93_52095"
127,-122.4207,41.2946,1505,"Annual",1496.25,9.3,"2_6_93_53473"
128,-122.0894,41.2973,1158,"Annual",1434.15,10,"2_6_93_61642"
129,-121.7652,41.3467,1398,"Annual",925.15,9.5,"2_6_93_69453"
130,-121.6361,41.5642,2106,"Annual",1340.39,4.3,"2_6_93_74242"
131,-121.7472,41.1929,1347,"Annual",951.75,10,"2_6_93_82828"
132,-121.7925,41.5004,1708,"Annual",1103.28,7.8,"2_6_93_91215"
133,-121.5055,41.5297,1868,"Annual",1081.18,6.4,"2_6_93_95170"
134,-121.4654,40.2528,1445,"Annual",1386.9,9.5,"3_6_103_57968"
135,-121.065,39.4915,968,"Annual",1707.91,13.3,"3_6_115_51465"
136,-120.6958,38.8553,988,"Annual",1273.44,14.5,"3_6_17_61501"
137,-120.3705,38.6927,1689,"Annual",1571.39,10.6,"3_6_17_73744"
138,-120.523,38.8322,1198,"Annual",1327.9,13.2,"3_6_17_77991"
139,-120.4968,38.6614,1313,"Annual",1341.46,12.8,"3_6_17_84159"
140,-120.3822,38.5532,1566,"Annual",1334.25,11.7,"3_6_17_97782"
141,-120.8819,39.1296,681,"Annual",1262.2,14.9,"3_6_61_63946"
142,-121.1476,40.1547,1499,"Annual",993.7,9.6,"3_6_63_56274"
143,-120.9355,39.7819,1754,"Annual",2209.15,9.3,"3_6_63_61281"
144,-120.8245,39.9891,1819,"Annual",1230.15,8.5,"3_6_63_62514"
145,-120.598,40.2432,1914,"Annual",680.59,8,"3_6_63_68365"
146,-120.6703,40.1236,1717,"Annual",690.86,8.5,"3_6_63_72624"
147,-121.2812,39.9061,1017,"Annual",1804.9,12.9,"3_6_63_90837"
148,-121.3282,40.3988,1724,"Annual",1282.57,7.2,"3_6_63_95551"
149,-121.4076,39.7611,960,"Annual",1783.77,13.8,"3_6_7_97350"
150,-121.5804,40.054,1346,"Annual",1591.9,11.6,"3_6_7_99822"
151,-120.777,39.5002,1657,"Annual",1738.71,10.5,"3_6_91_91513"
152,-120.4394,39.6934,1568,"Annual",627.79,8.5,"3_6_91_98691"
153,-118.4041,36.5438,3037,"Annual",574.2,2.9,"5_6_107_73557"
154,-118.6318,36.7043,2551,"Annual",871.61,5.3,"5_6_107_91538"
155,-118.6908,36.7049,2651,"Annual",1377.43,4.9,"5_6_107_94775"
156,-118.3437,36.059,2591,"Annual",809.43,5.7,"5_6_107_96399"
157,-120.0243,38.4115,2034,"Annual",1328.61,7.6,"5_6_109_73820"
158,-120.1397,38.2014,1432,"Annual",1121.33,12,"5_6_109_74692"
159,-119.7385,37.9679,1505,"Annual",1008.58,11.4,"5_6_109_87824"
160,-120.0164,38.2565,1699,"Annual",1115.65,10.6,"5_6_109_97983"
161,-118.8536,36.7943,1935,"Annual",1003.25,9.5,"5_6_19_62985"
162,-119.3312,37.1638,1375,"Annual",884.54,13.3,"5_6_19_77546"
163,-119.2137,37.41,2029,"Annual",1071.69,9.2,"5_6_19_92835"
164,-118.5522,35.7083,1755,"Annual",734.79,11.2,"5_6_29_65496"
165,-119.1932,37.5934,2366,"Annual",863.43,7.4,"5_6_39_91052"
166,-119.8947,38.5545,2394,"Annual",1610.19,5.2,"5_6_3_65481"
167,-119.6571,37.4598,1590,"Annual",1181.27,11.9,"5_6_43_54585"
168,-119.6827,37.6282,1941,"Annual",1135.29,10.1,"5_6_43_78845"
169,-120.4741,38.51,1299,"Annual",1300.06,13.1,"5_6_5_78549"
170,-120.3395,38.3873,1546,"Annual",1282.76,11.6,"5_6_9_67709"
171,-122.6248,40.8987,1168,"Annual",1298,12,"2_6_105_76437"
172,-122.5559,41.3615,1972,"Annual",1850,7.1,"2_6_105_94754"
173,-122.6717,40.9416,803,"Annual",1253.2,12.6,"2_6_105_96639"
174,-120.8206,40.3396,1798,"Annual",840.87,7.7,"2_6_35_63948"
175,-120.9976,40.5404,1781,"Annual",621.52,6.3,"2_6_35_73299"
176,-121.0775,41.0271,1317,"Annual",437.87,9.2,"2_6_35_96414"
177,-121.4286,41.4889,1347,"Annual",602.6,8.8,"2_6_49_53662"
178,-120.2313,41.9027,2106,"Annual",906.51,5,"2_6_49_65134"
179,-120.3219,41.5372,1779,"Annual",564.85,7.2,"2_6_49_77038"
180,-120.9966,41.3208,1533,"Annual",496.32,8.9,"2_6_49_97560"
181,-122.0319,40.9537,776,"Annual",1987.89,13.8,"2_6_89_52614"
182,-121.6969,41.1528,1369,"Annual",879.09,10.1,"2_6_89_58146"
183,-122.1574,40.8966,715,"Annual",1731.38,14.5,"2_6_89_68386"
184,-121.4995,40.6347,1545,"Annual",895.64,8.6,"2_6_89_68434"
185,-121.8429,40.9546,967,"Annual",1413.71,12.4,"2_6_89_91300"
186,-121.3817,40.8374,1397,"Annual",568.71,10.2,"2_6_89_93267"
187,-121.6459,40.6435,1835,"Annual",1538.12,8,"2_6_89_97816"
188,-122.3504,41.2455,1255,"Annual",1588.56,10.7,"2_6_93_95092"
189,-120.7165,38.8874,988,"Annual",1273.44,14.5,"3_6_17_85490"
190,-120.3578,38.903,1725,"Annual",1559.67,9.6,"3_6_17_95791"
191,-120.8329,38.9353,796,"Annual",1259.26,15.2,"3_6_17_98576"
192,-120.7232,39.4076,1783,"Annual",1779.37,9.6,"3_6_57_87496"
193,-120.5468,39.0979,1616,"Annual",1632.3,10.3,"3_6_61_66914"
194,-120.8332,39.1027,881,"Annual",1365.05,14.4,"3_6_61_82889"
195,-121.4183,40.0082,1902,"Annual",2043.51,8.5,"3_6_63_50463"
196,-120.8254,39.8641,1360,"Annual",1236.18,9.7,"3_6_63_52651"
197,-120.9349,39.8916,1735,"Annual",1494.28,9.1,"3_6_63_52679"
198,-121.1371,40.1477,1616,"Annual",1039.12,9.2,"3_6_63_53093"
199,-120.9564,40.0457,1193,"Annual",980.39,10.9,"3_6_63_57519"
200,-120.4998,40.2166,1867,"Annual",630.41,8.3,"3_6_63_64120"
201,-120.3197,39.9451,1883,"Annual",670.45,7.1,"3_6_63_67826"
202,-120.6411,40.0822,1722,"Annual",632.38,8.5,"3_6_63_70055"
203,-121.2745,40.1972,1530,"Annual",995.94,8.9,"3_6_63_71881"
204,-121.0887,40.0001,1235,"Annual",1015.59,11,"3_6_63_86700"
205,-121.2817,40.3581,1609,"Annual",1118.61,7.8,"3_6_63_99218"
206,-121.2296,39.7061,892,"Annual",1811.71,13.9,"3_6_7_77257"
207,-120.1433,39.5892,2245,"Annual",861.2,6.4,"3_6_91_57875"
208,-121.0324,39.51,946,"Annual",1662.71,13.3,"3_6_91_58667"
209,-120.8797,39.579,1315,"Annual",1838.96,11.6,"3_6_91_69982"
210,-120.5977,39.596,1894,"Annual",1828.25,7.9,"3_6_91_78931"
211,-120.409,39.5723,1681,"Annual",744.49,8,"3_6_91_90805"
212,-118.1706,36.3098,2670,"Annual",446.54,4.8,"5_6_107_62226"
213,-118.6379,36.0981,1811,"Annual",895.82,10.3,"5_6_107_75966"
214,-118.4666,36.1188,1671,"Annual",788.69,11.9,"5_6_107_84972"
215,-118.3124,35.9439,2333,"Annual",632.32,7.6,"5_6_107_92408"
216,-118.7832,36.6027,1800,"Annual",964.28,9.7,"5_6_107_96742"
217,-118.475,36.4597,2732,"Annual",600.51,4.4,"5_6_107_99288"
218,-119.953,38.1285,2033,"Annual",1379.94,8.2,"5_6_109_59609"
219,-119.6572,37.9947,2345,"Annual",1547.22,6.9,"5_6_109_61342"
220,-119.1554,37.089,1968,"Annual",1039.59,8.9,"5_6_19_63135"
221,-118.9809,37.386,2345,"Annual",790.12,6.1,"5_6_19_89633"
222,-119.2943,37.1879,1384,"Annual",845.63,12.7,"5_6_19_93206"
223,-119.1567,37.4033,2003,"Annual",1100.51,8.9,"5_6_19_93554"
224,-118.5899,35.7744,2151,"Annual",997.56,8.6,"5_6_29_85109"
225,-119.6934,38.4593,2701,"Annual",1418.09,4,"5_6_3_76892"
226,-119.6091,37.5205,1628,"Annual",1076.76,11,"5_6_43_82595"
227,-119.0178,37.7102,2410,"Annual",562.14,5.7,"5_6_51_90179"
228,-120.2903,38.2797,1472,"Annual",1372.94,11.7,"5_6_9_64046"
229,-120.3175,38.4567,1232,"Annual",1121.34,13,"5_6_9_64364"
230,-122.9436,40.9127,1323,"Annual",1846.13,10.8,"2_6_105_51218"
231,-122.9374,41.0791,1810,"Annual",1748.67,7.5,"2_6_105_63314"
232,-122.8165,40.9963,1718,"Annual",2147.22,8.6,"2_6_105_64952"
233,-122.4895,41.1643,1855,"Annual",1750.71,7.4,"2_6_105_67471"
234,-122.6039,40.9677,1264,"Annual",1443.77,12.1,"2_6_105_84136"
235,-122.6976,41.1854,1369,"Annual",1545.84,10.7,"2_6_105_93031"
236,-120.4424,40.1716,1853,"Annual",567.74,8.2,"2_6_35_64772"
237,-120.6301,40.2873,2083,"Annual",707.41,7.1,"2_6_35_70284"
238,-120.3164,41.8002,1830,"Annual",593.19,6.8,"2_6_49_55447"
239,-121.0698,41.393,1372,"Annual",476.77,9.1,"2_6_49_91897"
240,-122.4866,41.0054,1063,"Annual",1798.84,13.1,"2_6_89_63272"
241,-121.6381,40.8615,1022,"Annual",652.61,10.6,"2_6_89_74652"
242,-121.6509,40.6936,1610,"Annual",1271.18,8.9,"2_6_89_78171"
243,-121.7669,40.574,1342,"Annual",1244.26,11.1,"2_6_89_80913"
244,-122.3296,41.1177,841,"Annual",1563,12.9,"2_6_89_84177"
245,-122.4862,41.0449,1465,"Annual",1681.64,10.7,"2_6_89_89779"
246,-122.0264,41.1454,1153,"Annual",1776.94,11.4,"2_6_89_94753"
247,-122.166,41.1954,1018,"Annual",1432.26,11.2,"2_6_93_61164"
248,-121.4418,40.3104,1612,"Annual",1396.15,8.8,"3_6_103_51328"
249,-121.1377,39.4438,704,"Annual",1366.35,14.5,"3_6_115_98323"
250,-120.4868,38.8473,1392,"Annual",1393.72,12.3,"3_6_17_50288"
251,-120.6057,38.538,886,"Annual",1110.34,14.2,"3_6_17_69773"
252,-120.7919,38.9541,819,"Annual",1280.56,15.2,"3_6_17_73495"
253,-120.6592,39.3489,1510,"Annual",1822.74,10.6,"3_6_57_57153"
254,-120.8091,39.2998,1358,"Annual",1748.92,11.9,"3_6_57_59992"
255,-120.5315,39.2963,1920,"Annual",2114.1,8.3,"3_6_61_52287"
256,-120.9644,38.9919,494,"Annual",1028.32,15.5,"3_6_61_87710"
257,-120.6663,39.003,992,"Annual",1323.69,14,"3_6_61_92676"
258,-121.2428,40.0811,1331,"Annual",1016.89,11.2,"3_6_63_60183"
259,-121.0426,39.6474,1443,"Annual",2160.63,11,"3_6_63_67253"
260,-121.054,39.9725,1199,"Annual",1077.14,10.9,"3_6_63_76784"
261,-121.0852,40.3014,1493,"Annual",985.19,8.3,"3_6_63_79837"
262,-121.027,39.8043,1286,"Annual",1863.63,11.1,"3_6_63_83149"
263,-121.2059,39.7543,1094,"Annual",1981.76,12.8,"3_6_63_84270"
264,-120.9332,40.0956,1197,"Annual",995.58,10.4,"3_6_63_84416"
265,-120.7683,40.1384,1720,"Annual",774.01,8.7,"3_6_63_98595"
266,-120.8983,39.7984,1754,"Annual",2209.15,9.3,"3_6_63_99431"
267,-121.35,39.7972,1279,"Annual",2193.99,11.9,"3_6_7_95807"
268,-120.5745,39.6469,2201,"Annual",1806.93,6.5,"3_6_91_66378"
269,-120.7143,39.6466,1987,"Annual",1968.8,8,"3_6_91_68914"
270,-120.2043,39.5008,2047,"Annual",825.36,6.3,"3_6_91_99550"
271,-118.9076,36.6973,1921,"Annual",1014.96,8.8,"5_6_107_97549"
272,-120.0648,38.0507,1614,"Annual",1144.22,11.4,"5_6_109_64293"
273,-119.9289,38.1128,2196,"Annual",1618.66,7.3,"5_6_109_77218"
274,-119.6064,37.9675,2454,"Annual",1529.7,6.5,"5_6_109_87610"
275,-118.9789,37.3444,2575,"Annual",773.78,5.2,"5_6_19_63979"
276,-119.1084,37.4358,2022,"Annual",1040.74,8.5,"5_6_19_64321"
277,-119.0894,36.9418,1943,"Annual",1054.94,10.6,"5_6_19_68056"
278,-119.1024,37.1386,2714,"Annual",1261.84,4.7,"5_6_19_69038"
279,-118.7894,36.9851,2805,"Annual",1138.94,4.8,"5_6_19_90478"
280,-119.414,37.4208,1813,"Annual",1191.97,9.9,"5_6_39_51106"
281,-119.419,37.2798,1957,"Annual",1188.87,10.1,"5_6_39_67260"
282,-119.5813,37.4581,1926,"Annual",1186.95,9.8,"5_6_39_79129"
283,-119.1227,37.6298,2763,"Annual",979.43,5.2,"5_6_39_88388"
284,-119.844,38.5593,2536,"Annual",1477.29,4.5,"5_6_3_75212"
285,-119.433,37.7741,2786,"Annual",1257.93,3.5,"5_6_43_53915"
286,-119.7553,37.7365,1951,"Annual",1221.99,10.2,"5_6_43_56491"
287,-119.6138,37.7963,2308,"Annual",1462.16,7.4,"5_6_43_58153"
288,-119.5198,37.7509,2291,"Annual",1315.12,7.3,"5_6_43_74275"
289,-119.6232,37.6274,2152,"Annual",1199.94,8.6,"5_6_43_94933"
290,-120.455,38.4879,1299,"Annual",1300.06,13.1,"5_6_5_72936"
291,-122.689,41.052,886,"Annual",1438.66,12.5,"2_6_105_52478"
292,-122.7175,40.8391,1009,"Annual",1006.14,11.6,"2_6_105_76091"
293,-122.8897,40.896,2092,"Annual",3015.69,6.5,"2_6_105_91958"
294,-120.9632,40.7216,1731,"Annual",491.92,6.6,"2_6_35_58810"
295,-120.8909,40.2178,1646,"Annual",1003.25,8.8,"2_6_35_60362"
296,-120.8272,40.8344,1862,"Annual",420.05,7,"2_6_35_63393"
297,-120.7533,40.3341,1758,"Annual",674.14,8.2,"2_6_35_66685"
298,-121.7018,40.4554,1280,"Annual",1181.9,11.6,"2_6_89_51097"
299,-121.6618,41.1408,1354,"Annual",873.49,10.5,"2_6_89_55387"
300,-122.4238,41.0515,892,"Annual",1865.11,13.5,"2_6_89_61825"
301,-122.1285,41.0711,897,"Annual",1640.06,12.6,"2_6_89_64402"
302,-121.9717,41.1112,1236,"Annual",1844.17,10.8,"2_6_89_72576"
303,-121.8023,40.8936,1421,"Annual",1731.18,10.5,"2_6_89_74440"
304,-121.7844,40.752,1807,"Annual",1513.31,8.2,"2_6_89_80049"
305,-121.7488,40.6164,1391,"Annual",1261.09,10.7,"2_6_89_88898"
306,-121.8353,41.423,1540,"Annual",979.25,9,"2_6_93_58201"
307,-121.6889,41.4786,1486,"Annual",891.71,9.1,"2_6_93_63920"
308,-122.2923,41.2421,1048,"Annual",1405.73,11.3,"2_6_93_77579"
309,-121.5236,40.3462,1665,"Annual",1458.62,8.8,"3_6_103_75319"
310,-121.4073,40.3006,1532,"Annual",1195.56,8.6,"3_6_103_94950"
311,-121.1082,39.4034,628,"Annual",1268.96,14.9,"3_6_115_63759"
312,-120.4205,38.554,1440,"Annual",1303.65,12.2,"3_6_17_55516"
313,-120.3021,38.9067,2026,"Annual",1728.07,7.6,"3_6_17_57993"
314,-120.8874,38.8956,623,"Annual",1063.21,15.5,"3_6_17_61249"
315,-120.2964,38.754,1614,"Annual",1555.94,10.6,"3_6_17_72729"
316,-120.4302,38.6066,1558,"Annual",1416.83,11,"3_6_17_85417"
317,-120.7413,38.9133,960,"Annual",1334.81,14.7,"3_6_17_96427"
318,-120.7662,39.2691,1360,"Annual",1696.24,12,"3_6_57_53985"
319,-120.7917,39.1067,1117,"Annual",1484.17,13.6,"3_6_61_50404"
320,-120.6301,39.2247,1288,"Annual",1674.35,11.9,"3_6_61_51204"
321,-120.3451,39.2464,1967,"Annual",1937.75,7.1,"3_6_61_58715"
322,-120.4667,39.1075,1808,"Annual",1640.18,8.9,"3_6_61_66414"
323,-120.2958,39.0932,2167,"Annual",1853.49,6.7,"3_6_61_95963"
324,-120.5699,39.9377,1946,"Annual",922.49,7.1,"3_6_63_53845"
325,-121.0268,39.994,1308,"Annual",1019.15,11,"3_6_63_65133"
326,-120.8315,39.9034,1285,"Annual",1121.14,9.9,"3_6_63_84449"
327,-121.15,40.1945,1405,"Annual",935.92,9.1,"3_6_63_94114"
328,-120.5547,40.0025,1794,"Annual",655,7.2,"3_6_63_95034"
329,-120.3811,39.8877,1797,"Annual",571.64,7.5,"3_6_63_95797"
330,-121.4732,39.8589,1230,"Annual",1930.63,12.2,"3_6_7_58831"
331,-121.1326,39.5724,1099,"Annual",2105.65,12.7,"3_6_7_79676"
332,-120.9754,39.5402,1216,"Annual",1764.63,12.2,"3_6_91_60422"
333,-120.6837,39.5503,1826,"Annual",1761.71,8.9,"3_6_91_64136"
334,-120.4908,39.4524,2069,"Annual",2098.19,6.1,"3_6_91_78136"
335,-120.8411,39.6005,1233,"Annual",1747.29,11.3,"3_6_91_96403"
336,-118.5613,36.0811,2226,"Annual",1206.11,7.8,"5_6_107_61295"
337,-118.7254,36.6089,2728,"Annual",1953.53,4.8,"5_6_107_84235"
338,-118.5856,35.9739,1812,"Annual",862.96,10.4,"5_6_107_90793"
339,-119.7409,37.8612,2019,"Annual",1313.14,9.2,"5_6_109_51824"
340,-119.7483,38.0117,2041,"Annual",1372.1,8.7,"5_6_109_53207"
341,-120.2589,38.2589,1460,"Annual",1270.27,12,"5_6_109_89998"
342,-119.8576,37.8076,1529,"Annual",1031.51,11.7,"5_6_109_92098"
343,-120.0591,38.1534,1649,"Annual",1127.26,10.7,"5_6_109_99065"
344,-119.2133,37.1562,2271,"Annual",1088.67,7.4,"5_6_19_86025"
345,-119.2247,37.1821,2271,"Annual",1088.67,7.4,"5_6_19_87920"
346,-118.2647,35.7643,2001,"Annual",757.95,10.1,"5_6_29_95529"
347,-119.4254,37.3897,1849,"Annual",1263.62,10.2,"5_6_39_63788"
348,-119.5384,37.3319,1244,"Annual",960.54,13.6,"5_6_39_67711"
349,-119.12,37.5897,2619,"Annual",992.75,6.2,"5_6_39_68205"
350,-119.8857,38.8317,2755,"Annual",823.81,4,"5_6_3_50336"
351,-120.5947,37.9066,237,"Annual",533.82,16.7,"5_6_9_76890"
352,-122.8507,40.9267,1417,"Annual",1990.85,10.4,"2_6_105_53434"
353,-122.5493,41.1072,1320,"Annual",1407.95,10.6,"2_6_105_55197"
354,-122.6238,41.2736,1667,"Annual",1393.09,8.1,"2_6_105_72278"
355,-122.8986,41.0894,1810,"Annual",1748.67,7.5,"2_6_105_73028"
356,-122.6975,40.822,1009,"Annual",1006.14,11.6,"2_6_105_95584"
357,-120.5692,40.2938,1707,"Annual",537.42,8.5,"2_6_35_56642"
358,-121.092,40.7921,1695,"Annual",533.73,8.3,"2_6_35_70876"
359,-120.8223,41.1331,1609,"Annual",393.4,8.3,"2_6_35_81494"
360,-121.3058,41.2314,1360,"Annual",542.92,9.6,"2_6_49_69223"
361,-121.5291,40.5506,1944,"Annual",1264.65,6.9,"2_6_89_61234"
362,-122.4341,41.1799,1400,"Annual",1901.42,10.5,"2_6_89_71970"
363,-121.765,40.8955,1267,"Annual",1311.81,10.8,"2_6_89_72361"
364,-122.2586,41.1543,1002,"Annual",1740.51,12.1,"2_6_89_90106"
365,-121.5847,40.6998,2075,"Annual",1462.3,6.8,"2_6_89_99073"
366,-121.6658,41.5039,1641,"Annual",1020.98,8.1,"2_6_93_52619"
367,-121.646,41.3437,1311,"Annual",866.28,9.7,"2_6_93_64594"
368,-121.7082,41.3894,1400,"Annual",899.79,9.5,"2_6_93_64933"
369,-122.1347,41.2105,941,"Annual",1362.57,11,"2_6_93_69817"
370,-121.8004,41.2091,1337,"Annual",1177.64,9.9,"2_6_93_82460"
371,-121.4463,41.2361,1208,"Annual",579.88,9.9,"2_6_93_92351"
372,-121.6981,40.4072,1398,"Annual",1172.94,11.2,"3_6_103_52207"
373,-121.5199,40.4071,2036,"Annual",1884.32,6.8,"3_6_103_72948"
374,-121.67,40.2498,1377,"Annual",1245.35,11.3,"3_6_103_83227"
375,-120.2338,38.8975,2289,"Annual",2027.96,5.9,"3_6_17_65124"
376,-120.7005,38.9714,1067,"Annual",1349.02,14.5,"3_6_17_77031"
377,-120.707,38.8194,906,"Annual",1215.38,14.8,"3_6_17_86442"
378,-120.9096,39.3157,918,"Annual",1491.24,13.4,"3_6_57_72006"
379,-120.6566,39.498,1825,"Annual",1794.53,8.8,"3_6_57_74346"
380,-120.2877,39.0522,1928,"Annual",1681.19,7.8,"3_6_61_87091"
381,-120.5933,39.0245,1418,"Annual",1562.86,11.7,"3_6_61_92313"
382,-120.3693,40.0378,1899,"Annual",657.26,6.8,"3_6_63_69107"
383,-120.9841,39.9895,1232,"Annual",1025.65,11,"3_6_63_78794"
384,-120.7027,39.9888,1655,"Annual",842.23,8.9,"3_6_63_80523"
385,-120.8395,39.7965,1657,"Annual",1818.15,9,"3_6_63_85235"
386,-120.9535,39.7941,1517,"Annual",2050.94,10.3,"3_6_63_87788"
387,-121.3246,40.2688,1529,"Annual",1004.22,8.5,"3_6_63_97060"
388,-121.1621,39.5986,1059,"Annual",1998.16,13,"3_6_7_51123"
389,-121.4716,40.048,1802,"Annual",1916.77,8.7,"3_6_7_58490"
390,-121.4468,39.7394,678,"Annual",1527.03,15.3,"3_6_7_71649"
391,-120.7881,39.4598,1261,"Annual",1600.11,11.8,"3_6_91_65292"
392,-120.0302,39.5604,1905,"Annual",643.12,7.9,"3_6_91_66678"
393,-120.9555,39.6573,1431,"Annual",2131.94,10.9,"3_6_91_71262"
394,-120.9719,39.4997,1144,"Annual",1628.4,12.5,"3_6_91_95042"
395,-118.2189,36.0649,2446,"Annual",540.61,6.6,"5_6_107_60599"
396,-118.2228,35.9123,2061,"Annual",368.44,10.3,"5_6_107_77409"
397,-118.5367,36.2087,2184,"Annual",1104.68,7.9,"5_6_107_79019"
398,-118.712,36.104,1380,"Annual",741.2,13.4,"5_6_107_84653"
399,-118.6857,35.9809,1486,"Annual",765.99,12.7,"5_6_107_93670"
400,-118.5981,36.7019,2513,"Annual",819.47,5.5,"5_6_107_96721"
401,-118.5375,36.0626,2226,"Annual",1206.11,7.8,"5_6_107_97204"
402,-118.7254,36.4616,2070,"Annual",951.89,9.4,"5_6_107_97619"
403,-120.0136,38.2118,1778,"Annual",1078.85,10.2,"5_6_109_90611"
404,-118.7269,36.793,1843,"Annual",966,10,"5_6_19_59575"
405,-118.3361,35.5153,2133,"Annual",427.6,9.2,"5_6_29_72550"
406,-119.5433,37.4684,2072,"Annual",1281.42,8.9,"5_6_39_66134"
407,-119.0918,37.6165,2425,"Annual",657.82,5.9,"5_6_39_82286"
408,-119.9254,38.5987,2426,"Annual",1366.26,5.1,"5_6_3_58235"
409,-119.89,38.4085,2438,"Annual",1745.92,5.5,"5_6_3_78499"
410,-119.6712,37.5703,1769,"Annual",1110.38,10.7,"5_6_43_52879"
411,-119.6994,37.7507,2044,"Annual",1291.84,9.5,"5_6_43_84069"
412,-120.1099,38.6969,2179,"Annual",1601.43,6.6,"5_6_5_61543"
413,-120.3486,38.2009,1033,"Annual",1132.37,13.8,"5_6_9_78914"
414,-122.8728,41.193,1957,"Annual",1784.1,6.8,"2_6_105_76623"
415,-122.6735,40.8578,992,"Annual",1078.58,11.8,"2_6_105_91348"
416,-122.8756,41.0539,2015,"Annual",2346.7,6.7,"2_6_105_91548"
417,-122.8091,40.8838,849,"Annual",1151.7,12,"2_6_105_96468"
418,-121.3182,40.4954,2024,"Annual",1354.38,6.8,"2_6_35_52154"
419,-120.8738,40.3877,1773,"Annual",937.88,7.8,"2_6_35_59624"
420,-121.214,40.5485,2116,"Annual",1039.58,6.3,"2_6_35_81047"
421,-120.3255,41.4074,1780,"Annual",481.66,7.5,"2_6_49_88241"
422,-120.7076,41.2201,1950,"Annual",763.3,5.8,"2_6_49_89672"
423,-122.2324,40.8029,711,"Annual",1885.29,15,"2_6_89_53811"
424,-122.0634,41.0672,1286,"Annual",1885.55,11,"2_6_89_59754"
425,-121.5236,40.5024,2226,"Annual",2083.85,5.9,"2_6_89_60797"
426,-122.3498,41.0492,765,"Annual",1767.9,13.6,"2_6_89_69793"
427,-121.58,41.1591,1115,"Annual",763.73,10.1,"2_6_89_75696"
428,-122.4956,40.9066,778,"Annual",1804.03,13.9,"2_6_89_88254"
429,-121.3807,40.6475,1605,"Annual",791.98,8.4,"2_6_89_91137"
430,-121.6632,40.4535,1472,"Annual",1198.39,10.2,"2_6_89_92426"
431,-121.6884,40.7716,1292,"Annual",1390.32,10.9,"2_6_89_92958"
432,-121.8927,40.9879,700,"Annual",1598.17,13.1,"2_6_89_96812"
433,-121.4766,41.4418,1418,"Annual",626.08,9.1,"2_6_93_57608"
434,-121.9013,41.2855,1163,"Annual",1211.48,9.3,"2_6_93_62065"
435,-121.6162,41.315,1249,"Annual",828.68,9.8,"2_6_93_65184"
436,-121.7607,41.4318,1439,"Annual",927.15,9.3,"2_6_93_91911"
437,-121.4607,40.209,1780,"Annual",1630.33,8.6,"3_6_103_66700"
438,-121.6098,40.1259,1107,"Annual",1397.8,13,"3_6_103_78438"
439,-121.0928,39.5541,958,"Annual",1808.01,13.2,"3_6_115_58957"
440,-120.6977,38.9553,1067,"Annual",1349.02,14.5,"3_6_17_64677"
441,-120.4183,38.955,1601,"Annual",1546.06,10.3,"3_6_17_73339"
442,-120.4907,38.5856,1258,"Annual",1319.57,12.9,"3_6_17_86733"
443,-120.0912,39.2908,2058,"Annual",719.59,6.8,"3_6_61_56264"
444,-120.5872,39.2365,1893,"Annual",2035.67,9.1,"3_6_61_62231"
445,-120.5626,39.0753,1592,"Annual",1627.79,10.9,"3_6_61_93000"
446,-121.3237,40.3378,1657,"Annual",1099.79,8,"3_6_63_56393"
447,-120.944,40.2094,1833,"Annual",1071.12,7.9,"3_6_63_75269"
448,-121.2782,40.006,1250,"Annual",1576.97,11.5,"3_6_63_77293"
449,-120.8229,40.0494,1490,"Annual",1059.54,9.7,"3_6_63_78119"
450,-120.6347,40.0425,1593,"Annual",670.7,8.7,"3_6_63_81739"
451,-120.9652,39.8405,1554,"Annual",1778.18,9.9,"3_6_63_84403"
452,-121.0239,40.1895,1538,"Annual",1018.03,8.9,"3_6_63_92750"
453,-121.5935,39.9731,1047,"Annual",1726.9,13.4,"3_6_7_53039"
454,-121.2503,39.68,1015,"Annual",1913.14,13.6,"3_6_7_78236"
455,-121.4104,39.8628,1244,"Annual",1918.44,11.9,"3_6_7_96449"
456,-120.7879,39.5765,1322,"Annual",1756.36,11.1,"3_6_91_50167"
457,-120.4396,39.4564,2259,"Annual",2006.85,5.7,"3_6_91_99210"
458,-120.9104,39.552,1081,"Annual",1599.01,12.2,"3_6_91_99653"
459,-118.4992,36.1049,2082,"Annual",1064.9,8.8,"5_6_107_54465"
460,-118.2211,36.117,2645,"Annual",577.36,5.1,"5_6_107_62149"
461,-118.6461,36.1068,1702,"Annual",837.32,11.4,"5_6_107_62252"
462,-118.3408,35.8165,2441,"Annual",836.47,7.4,"5_6_107_65803"
463,-120.1321,38.1101,1509,"Annual",1121.89,11.7,"5_6_109_65725"
464,-120.0095,38.3499,1937,"Annual",1387.29,9.2,"5_6_109_76539"
465,-119.8005,37.8157,1817,"Annual",1157.34,9.8,"5_6_109_78426"
466,-120.1623,37.9555,1106,"Annual",1048.89,13.6,"5_6_109_88701"
467,-119.8411,37.9722,1588,"Annual",1062.62,11,"5_6_109_88765"
468,-118.851,36.7396,2226,"Annual",1226.82,7.5,"5_6_19_74199"
469,-119.1687,37.1899,2433,"Annual",1155.56,6.1,"5_6_19_81722"
470,-118.6354,35.6191,1571,"Annual",724.38,12.2,"5_6_29_80054"
471,-119.4929,37.3221,1635,"Annual",1094.1,11.5,"5_6_39_53530"
472,-119.8716,38.635,2390,"Annual",1182.11,5.4,"5_6_3_65091"
473,-120.0642,38.5055,1872,"Annual",1695.26,9.2,"5_6_3_85143"
474,-119.4942,37.6679,2234,"Annual",1260,6.8,"5_6_43_54487"
475,-120.3309,38.4638,1232,"Annual",1121.34,13,"5_6_9_55452"
476,-122.8072,40.9103,984,"Annual",1396.61,11.7,"2_6_105_55988"
477,-122.5507,41.2115,1869,"Annual",1646.45,7.2,"2_6_105_62696"
478,-122.6812,41.1451,1416,"Annual",1361.3,10.4,"2_6_105_63829"
479,-122.9547,40.9441,1557,"Annual",2259.86,9.4,"2_6_105_75624"
480,-122.5594,41.2894,1907,"Annual",1602.79,6.7,"2_6_105_82808"
481,-121.0592,40.788,1677,"Annual",501.68,8.2,"2_6_35_72567"
482,-120.0938,39.9295,2021,"Annual",479.48,7.8,"2_6_35_86203"
483,-120.3004,41.2876,1873,"Annual",640.92,6.9,"2_6_49_89657"
484,-121.2497,41.2065,1382,"Annual",550.48,9.6,"2_6_49_96302"
485,-121.7887,40.5118,1176,"Annual",1188.84,12.4,"2_6_89_57352"
486,-122.1646,41.141,921,"Annual",1602.29,12.1,"2_6_89_75886"
487,-121.3234,40.5925,2126,"Annual",1300.76,6.4,"2_6_89_82323"
488,-121.7636,41.5362,1947,"Annual",1248.67,5.9,"2_6_93_62828"
489,-121.5754,41.3449,1188,"Annual",791.46,9.7,"2_6_93_66757"
490,-121.4387,40.2433,1445,"Annual",1386.9,9.5,"3_6_103_84687"
491,-120.4969,38.6981,1332,"Annual",1365.01,13.1,"3_6_17_81421"
492,-120.1495,38.6872,2061,"Annual",1828.89,7.4,"3_6_17_91575"
493,-121.3334,40.4379,2093,"Annual",1453.65,6.4,"3_6_63_55309"
494,-120.9213,39.812,1754,"Annual",2209.15,9.3,"3_6_63_64592"
495,-121.0834,40.1037,1543,"Annual",1050.04,9.6,"3_6_63_77292"
496,-121.4581,40.4051,1994,"Annual",1766.87,6.9,"3_6_63_83144"
497,-121.213,39.8039,1584,"Annual",2275.28,10.6,"3_6_63_92541"
498,-121.2678,40.1045,1388,"Annual",992.16,10.3,"3_6_63_95686"
499,-121.3819,39.7384,791,"Annual",1679.82,14.8,"3_6_7_81517"
500,-121.5531,39.9414,1259,"Annual",1824.43,12.1,"3_6_7_92030"
501,-120.2685,39.5325,2013,"Annual",785.57,6.7,"3_6_91_92506"
502,-118.1688,36.0735,2405,"Annual",488.85,6.9,"5_6_107_64596"
503,-118.3431,36.0131,2520,"Annual",780.91,5.8,"5_6_107_99277"
504,-120.1142,38.0819,1484,"Annual",1128.79,11.8,"5_6_109_51484"
505,-119.6728,37.9102,1629,"Annual",1119.9,10.7,"5_6_109_78971"
506,-119.9438,38.0557,1875,"Annual",1323.82,9.6,"5_6_109_94331"
507,-120.1457,38.2595,1732,"Annual",1291.03,10.8,"5_6_109_96366"
508,-119.8055,37.7726,1709,"Annual",1137.04,10.3,"5_6_109_98431"
509,-119.1062,36.9998,1611,"Annual",1004.28,11.7,"5_6_19_66005"
510,-118.9742,36.95,2163,"Annual",1085.86,8.3,"5_6_19_74103"
511,-118.9661,36.7911,1957,"Annual",1015.07,10.3,"5_6_19_99257"
512,-118.5786,35.6645,1790,"Annual",793.8,10.9,"5_6_29_52361"
513,-119.4597,37.3027,1796,"Annual",1121.98,11,"5_6_39_98938"
514,-119.8377,38.42,2376,"Annual",1701.07,5.7,"5_6_3_54594"
515,-119.6084,37.5733,2196,"Annual",1240.8,8.5,"5_6_43_58889"
516,-120.1253,38.4062,2048,"Annual",1665.32,8.6,"5_6_9_77228"
517,-122.8081,41.0475,1861,"Annual",1923.63,8,"2_6_105_76449"
518,-121.1335,40.5437,1917,"Annual",648.3,6.5,"2_6_35_73060"
519,-121.2647,40.5492,2154,"Annual",1256.79,6.1,"2_6_35_86836"
520,-120.9203,41.3738,1622,"Annual",490.36,8.2,"2_6_49_60210"
521,-120.7499,41.346,1552,"Annual",519.29,8.5,"2_6_49_64415"
522,-121.9646,41.093,979,"Annual",1837.53,12.3,"2_6_89_55696"
523,-121.5816,40.457,2207,"Annual",1866.32,6.3,"2_6_89_57442"
524,-121.8312,40.9801,1289,"Annual",1585.03,10.9,"2_6_89_66502"
525,-121.7404,40.4721,1136,"Annual",1137.57,12.7,"2_6_89_91831"
526,-122.0325,41.3922,1449,"Annual",1407.72,9.1,"2_6_93_83276"
527,-122.4915,41.2487,1988,"Annual",1828.83,6.7,"2_6_93_92550"
528,-121.9349,41.2452,1170,"Annual",1288.81,9.5,"2_6_93_95740"
529,-121.7017,40.0165,1099,"Annual",1614.89,13,"3_6_103_78492"
530,-121.5431,40.151,1263,"Annual",1451.21,11.5,"3_6_103_82900"
531,-121.5853,40.2981,1585,"Annual",1464.1,9.7,"3_6_103_88200"
532,-121.0391,39.603,1207,"Annual",2084.01,12.1,"3_6_115_54964"
533,-120.7836,38.8859,804,"Annual",1237.1,15,"3_6_17_61382"
534,-120.3603,38.9893,1788,"Annual",1556.15,9,"3_6_17_73786"
535,-120.4605,38.7561,1334,"Annual",1397.58,12.6,"3_6_17_78404"
536,-120.7664,39.3753,1235,"Annual",1655.18,11.8,"3_6_57_87962"
537,-120.3506,39.1388,2141,"Annual",1972.33,6.9,"3_6_61_56959"
538,-120.2164,39.2328,2005,"Annual",1101.45,6.9,"3_6_61_63544"
539,-120.6745,39.0973,1092,"Annual",1471.6,13.3,"3_6_61_76008"
540,-120.3622,39.2844,2121,"Annual",1855.2,6.6,"3_6_61_90898"
541,-120.7902,39.054,1012,"Annual",1435.23,14.3,"3_6_61_92405"
542,-120.5396,39.1529,1856,"Annual",1821.25,9.3,"3_6_61_93006"
543,-121.0264,39.9023,1226,"Annual",1180.53,10.6,"3_6_63_88319"
544,-121.2094,40.1515,1479,"Annual",968.88,9.6,"3_6_63_90310"
545,-120.8947,39.6955,1853,"Annual",2335.46,8.8,"3_6_91_97328"
546,-120.7203,39.6,1695,"Annual",1738.41,9.6,"3_6_91_98366"
547,-119.768,37.9759,1505,"Annual",1008.58,11.4,"5_6_109_70650"
548,-119.7474,37.8098,1923,"Annual",1241.83,9.3,"5_6_109_73865"
549,-118.9414,36.7579,2059,"Annual",1055.63,9.3,"5_6_19_50529"
550,-118.981,37.0865,2748,"Annual",1191.94,4.8,"5_6_19_54781"
551,-118.9797,37.4388,3205,"Annual",1154.28,2.7,"5_6_19_60572"
552,-119.262,37.079,1568,"Annual",932.32,11.6,"5_6_19_73952"
553,-120.2726,38.3269,1553,"Annual",1364.12,11.2,"5_6_9_65997"
554,-120.7795,41.329,1736,"Annual",614.51,7.5,"2_6_49_63662"
555,-122.1618,41.0014,888,"Annual",1840.46,13.6,"2_6_89_55801"
556,-121.7251,41.0795,1224,"Annual",1024.05,11.2,"2_6_89_78722"
557,-122.0284,41.0454,864,"Annual",1871.41,12.5,"2_6_89_79595"
558,-121.6724,41.1163,1354,"Annual",873.49,10.5,"2_6_89_94277"
559,-120.435,38.5808,1450,"Annual",1316.08,11.6,"3_6_17_51640"
560,-120.4704,38.9001,1684,"Annual",1562.55,10.1,"3_6_17_57624"
561,-120.3501,38.9582,1884,"Annual",1567.3,8.4,"3_6_17_66804"
562,-120.4718,38.5261,1320,"Annual",1312.7,12.6,"3_6_17_72703"
563,-120.8338,39.0075,698,"Annual",1206.96,15.1,"3_6_61_51970"
564,-120.0642,39.2943,2058,"Annual",719.59,6.8,"3_6_61_66411"
565,-120.7287,39.6313,1884,"Annual",1861.24,8.7,"3_6_91_90686"
566,-118.4767,36.2629,2421,"Annual",1118.08,6.6,"5_6_107_53570"
567,-118.5894,35.815,2123,"Annual",1005.82,8.8,"5_6_107_56883"
568,-118.1738,36.2548,2680,"Annual",450.43,4.7,"5_6_107_66883"
569,-118.3172,35.8557,2431,"Annual",813.06,6.8,"5_6_107_80767"
570,-120.261,38.1589,1096,"Annual",1097.13,13.8,"5_6_109_75599"
571,-119.98,38.3298,1937,"Annual",1387.29,9.2,"5_6_109_75699"
572,-120.3129,38.5045,1497,"Annual",1230.31,12.1,"5_6_5_54566"
573,-120.29,38.3606,1544,"Annual",1321.26,11.4,"5_6_9_83898"
