"LAT","LON","pltID"
41.102547,-122.745649,"2_6_105_51297"
41.12868,-122.458358,"2_6_105_63593"
41.128058,-122.934822,"2_6_105_92775"
41.144646,-122.605848,"2_6_105_96869"
40.934131,-120.802314,"2_6_35_56575"
40.427312,-120.754488,"2_6_35_58697"
40.588651,-120.80156,"2_6_35_71400"
40.571201,-121.10608,"2_6_35_78825"
40.937276,-121.063063,"2_6_35_80121"
40.489187,-120.620746,"2_6_35_86030"
40.257312,-121.054791,"2_6_35_92980"
40.315573,-120.91077,"2_6_35_98013"
41.287018,-121.042255,"2_6_49_73812"
41.261444,-121.361607,"2_6_49_74246"
41.425846,-121.049301,"2_6_49_76419"
41.189273,-121.273227,"2_6_49_79515"
41.433788,-121.370373,"2_6_49_94164"
40.894757,-121.92728,"2_6_89_75406"
40.597357,-121.596255,"2_6_89_81219"
41.04581,-121.971018,"2_6_89_83191"
40.523504,-121.716253,"2_6_89_83866"
41.158579,-122.144701,"2_6_89_87520"
41.344798,-121.823227,"2_6_93_59756"
40.253098,-121.540619,"3_6_103_65991"
38.74719,-120.12161,"3_6_17_67622"
38.998528,-120.303836,"3_6_17_80501"
38.87514,-120.45249,"3_6_17_91277"
38.852045,-120.298079,"3_6_17_91643"
39.165624,-120.759694,"3_6_61_53993"
39.040215,-120.462764,"3_6_61_59106"
39.151446,-120.596167,"3_6_61_84677"
38.997989,-120.603887,"3_6_61_86237"
40.109221,-121.208026,"3_6_63_50218"
39.789254,-120.708482,"3_6_63_54163"
39.771652,-121.021477,"3_6_63_66545"
40.095523,-121.022786,"3_6_63_66988"
39.846566,-120.526336,"3_6_63_73981"
39.949067,-121.011865,"3_6_63_79087"
39.847303,-120.849925,"3_6_63_98023"
39.762606,-121.321775,"3_6_7_89092"
39.695591,-120.520099,"3_6_91_70607"
39.505426,-120.907958,"3_6_91_85651"
35.892963,-118.382018,"5_6_107_52187"
36.061261,-118.398471,"5_6_107_53345"
36.205745,-118.717142,"5_6_107_55147"
36.162975,-118.596014,"5_6_107_68934"
36.352828,-118.717615,"5_6_107_70996"
36.654328,-118.906088,"5_6_107_75302"
36.018978,-118.290745,"5_6_107_91832"
36.207506,-118.414401,"5_6_107_95459"
37.908783,-119.741855,"5_6_109_82997"
37.929555,-120.029975,"5_6_109_95908"
36.991386,-118.914802,"5_6_19_50651"
37.604529,-119.255779,"5_6_39_64363"
37.305668,-119.398403,"5_6_39_84285"
38.426522,-119.798326,"5_6_3_67431"
38.551649,-119.966954,"5_6_3_98052"
37.558533,-119.860841,"5_6_43_66480"
38.528911,-120.238971,"5_6_5_55365"
38.364326,-120.251524,"5_6_9_76472"
41.16438,-122.88844,"2_6_105_73516"
41.051565,-122.74368,"2_6_105_92264"
40.990374,-122.861379,"2_6_105_92899"
41.301117,-121.349936,"2_6_49_75095"
41.353895,-121.161272,"2_6_49_80178"
40.694328,-121.395278,"2_6_89_55136"
40.498511,-121.39073,"2_6_89_69149"
41.09392,-121.904302,"2_6_89_84932"
40.662928,-121.71932,"2_6_89_91772"
41.43672,-121.638927,"2_6_93_86196"
41.23972,-122.424288,"2_6_93_94605"
41.326532,-121.463492,"2_6_93_97968"
41.304995,-121.803254,"2_6_93_99432"
40.04965,-121.681578,"3_6_103_58576"
40.158591,-121.465994,"3_6_103_66280"
40.317638,-121.501157,"3_6_103_95249"
38.612335,-120.564384,"3_6_17_54258"
38.605369,-120.371609,"3_6_17_60444"
38.758041,-120.42877,"3_6_17_97297"
39.42928,-120.604501,"3_6_57_64922"
39.395112,-120.9357,"3_6_57_99642"
38.949806,-120.563974,"3_6_61_58134"
39.046414,-120.739605,"3_6_61_69600"
40.050727,-121.015172,"3_6_63_58788"
39.936093,-120.379175,"3_6_63_68620"
40.198017,-121.335672,"3_6_63_73947"
40.004669,-121.146625,"3_6_63_79234"
40.087127,-120.700292,"3_6_63_92614"
40.192747,-120.568264,"3_6_63_93409"
39.632487,-120.616612,"3_6_91_62246"
36.557515,-118.720596,"5_6_107_57896"
36.153715,-118.532947,"5_6_107_60974"
36.30614,-118.529905,"5_6_107_64398"
35.810865,-118.219292,"5_6_107_68190"
36.25032,-118.679497,"5_6_107_85606"
36.405456,-118.703201,"5_6_107_86537"
35.918634,-118.39608,"5_6_107_90023"
37.97404,-120.024003,"5_6_109_53951"
37.814098,-120.156366,"5_6_109_54060"
38.34799,-119.879767,"5_6_109_62518"
38.309841,-120.204961,"5_6_109_85336"
37.809604,-119.989922,"5_6_109_89546"
37.856448,-119.872911,"5_6_109_98713"
37.082351,-119.223445,"5_6_19_72118"
37.047479,-119.042013,"5_6_19_96929"
37.37038,-119.540933,"5_6_39_57309"
37.688861,-119.098366,"5_6_39_91930"
38.492572,-119.895749,"5_6_3_62317"
38.640437,-119.766545,"5_6_3_69589"
38.688036,-119.64754,"5_6_3_82766"
38.589741,-119.70063,"5_6_3_89745"
37.495403,-119.671569,"5_6_43_93434"
38.480499,-120.240408,"5_6_9_54216"
41.153933,-122.558382,"2_6_105_61334"
40.798272,-122.812964,"2_6_105_78587"
41.091467,-122.687157,"2_6_105_97440"
41.111167,-121.251039,"2_6_35_64409"
40.76742,-121.2212,"2_6_35_78858"
40.443441,-121.008355,"2_6_35_94048"
41.272748,-120.975955,"2_6_49_67806"
40.889871,-121.39208,"2_6_89_60453"
40.523958,-121.660287,"2_6_89_64273"
40.999877,-121.715988,"2_6_89_68109"
40.559204,-121.372917,"2_6_89_81343"
41.091081,-122.287851,"2_6_89_85151"
41.378681,-121.936727,"2_6_93_52095"
41.294595,-122.420688,"2_6_93_53473"
41.297256,-122.089405,"2_6_93_61642"
41.346667,-121.765234,"2_6_93_69453"
41.564246,-121.636061,"2_6_93_74242"
41.192901,-121.747236,"2_6_93_82828"
41.500351,-121.792524,"2_6_93_91215"
41.529729,-121.505475,"2_6_93_95170"
40.252828,-121.46542,"3_6_103_57968"
39.491468,-121.065042,"3_6_115_51465"
38.855275,-120.695826,"3_6_17_61501"
38.692684,-120.370471,"3_6_17_73744"
38.832193,-120.523011,"3_6_17_77991"
38.661408,-120.496793,"3_6_17_84159"
38.553151,-120.382223,"3_6_17_97782"
39.129562,-120.881875,"3_6_61_63946"
40.154692,-121.147551,"3_6_63_56274"
39.78193,-120.935521,"3_6_63_61281"
39.989134,-120.824542,"3_6_63_62514"
40.243174,-120.597963,"3_6_63_68365"
40.123615,-120.670288,"3_6_63_72624"
39.906073,-121.281195,"3_6_63_90837"
40.398815,-121.328156,"3_6_63_95551"
39.761058,-121.407603,"3_6_7_97350"
40.05395,-121.580423,"3_6_7_99822"
39.500177,-120.77704,"3_6_91_91513"
39.69338,-120.439437,"3_6_91_98691"
36.543801,-118.404053,"5_6_107_73557"
36.704334,-118.631801,"5_6_107_91538"
36.704931,-118.690788,"5_6_107_94775"
36.058987,-118.343685,"5_6_107_96399"
38.41153,-120.024253,"5_6_109_73820"
38.201408,-120.139683,"5_6_109_74692"
37.967927,-119.7385,"5_6_109_87824"
38.25652,-120.016447,"5_6_109_97983"
36.794307,-118.853624,"5_6_19_62985"
37.163806,-119.331216,"5_6_19_77546"
37.409971,-119.213698,"5_6_19_92835"
35.708257,-118.552169,"5_6_29_65496"
37.593372,-119.193211,"5_6_39_91052"
38.554508,-119.894679,"5_6_3_65481"
37.459821,-119.657109,"5_6_43_54585"
37.628226,-119.682691,"5_6_43_78845"
38.509993,-120.474116,"5_6_5_78549"
38.387314,-120.339486,"5_6_9_67709"
40.898655,-122.624755,"2_6_105_76437"
41.361474,-122.555868,"2_6_105_94754"
40.941598,-122.671746,"2_6_105_96639"
40.339566,-120.820642,"2_6_35_63948"
40.540402,-120.997632,"2_6_35_73299"
41.027063,-121.077526,"2_6_35_96414"
41.48893,-121.428634,"2_6_49_53662"
41.902703,-120.231252,"2_6_49_65134"
41.537158,-120.321899,"2_6_49_77038"
41.320847,-120.996629,"2_6_49_97560"
40.95367,-122.031921,"2_6_89_52614"
41.152799,-121.69692,"2_6_89_58146"
40.896577,-122.157359,"2_6_89_68386"
40.634662,-121.49955,"2_6_89_68434"
40.954568,-121.842923,"2_6_89_91300"
40.837362,-121.38175,"2_6_89_93267"
40.643506,-121.64587,"2_6_89_97816"
41.245506,-122.350408,"2_6_93_95092"
38.887441,-120.716459,"3_6_17_85490"
38.902993,-120.357845,"3_6_17_95791"
38.935253,-120.832929,"3_6_17_98576"
39.407646,-120.723236,"3_6_57_87496"
39.097919,-120.546835,"3_6_61_66914"
39.102666,-120.833245,"3_6_61_82889"
40.00819,-121.418322,"3_6_63_50463"
39.864062,-120.825366,"3_6_63_52651"
39.891586,-120.934876,"3_6_63_52679"
40.147678,-121.137141,"3_6_63_53093"
40.045732,-120.956416,"3_6_63_57519"
40.216567,-120.499846,"3_6_63_64120"
39.945065,-120.319706,"3_6_63_67826"
40.082235,-120.641114,"3_6_63_70055"
40.197247,-121.274459,"3_6_63_71881"
40.00008,-121.088705,"3_6_63_86700"
40.358126,-121.281668,"3_6_63_99218"
39.706061,-121.229552,"3_6_7_77257"
39.589197,-120.143338,"3_6_91_57875"
39.509985,-121.032391,"3_6_91_58667"
39.578998,-120.87969,"3_6_91_69982"
39.596006,-120.597671,"3_6_91_78931"
39.572329,-120.408965,"3_6_91_90805"
36.309817,-118.170616,"5_6_107_62226"
36.09806,-118.637872,"5_6_107_75966"
36.118772,-118.466613,"5_6_107_84972"
35.943851,-118.31244,"5_6_107_92408"
36.602665,-118.783166,"5_6_107_96742"
36.459665,-118.474974,"5_6_107_99288"
38.128511,-119.953029,"5_6_109_59609"
37.994714,-119.6572,"5_6_109_61342"
37.088961,-119.155374,"5_6_19_63135"
37.38602,-118.980877,"5_6_19_89633"
37.187888,-119.294252,"5_6_19_93206"
37.403293,-119.156749,"5_6_19_93554"
35.774353,-118.5899,"5_6_29_85109"
38.459297,-119.693402,"5_6_3_76892"
37.520462,-119.609088,"5_6_43_82595"
37.710187,-119.017811,"5_6_51_90179"
38.279707,-120.290315,"5_6_9_64046"
38.456693,-120.317458,"5_6_9_64364"
40.912683,-122.943561,"2_6_105_51218"
41.079118,-122.937442,"2_6_105_63314"
40.996275,-122.816458,"2_6_105_64952"
41.164287,-122.489521,"2_6_105_67471"
40.967653,-122.603874,"2_6_105_84136"
41.185415,-122.69756,"2_6_105_93031"
40.171622,-120.442407,"2_6_35_64772"
40.287346,-120.630088,"2_6_35_70284"
41.800169,-120.316397,"2_6_49_55447"
41.392956,-121.069805,"2_6_49_91897"
41.005405,-122.486566,"2_6_89_63272"
40.861473,-121.638115,"2_6_89_74652"
40.693634,-121.650927,"2_6_89_78171"
40.573964,-121.766894,"2_6_89_80913"
41.11768,-122.329564,"2_6_89_84177"
41.044868,-122.486199,"2_6_89_89779"
41.145435,-122.026374,"2_6_89_94753"
41.195425,-122.166021,"2_6_93_61164"
40.31035,-121.441795,"3_6_103_51328"
39.443794,-121.137664,"3_6_115_98323"
38.847332,-120.48685,"3_6_17_50288"
38.537971,-120.605706,"3_6_17_69773"
38.954098,-120.791874,"3_6_17_73495"
39.348868,-120.659212,"3_6_57_57153"
39.299774,-120.809148,"3_6_57_59992"
39.296343,-120.53148,"3_6_61_52287"
38.991933,-120.964358,"3_6_61_87710"
39.003038,-120.666324,"3_6_61_92676"
40.081068,-121.242753,"3_6_63_60183"
39.647437,-121.042611,"3_6_63_67253"
39.972476,-121.053984,"3_6_63_76784"
40.301394,-121.085224,"3_6_63_79837"
39.804279,-121.027048,"3_6_63_83149"
39.754287,-121.205929,"3_6_63_84270"
40.095635,-120.933246,"3_6_63_84416"
40.138427,-120.768258,"3_6_63_98595"
39.798405,-120.898261,"3_6_63_99431"
39.797156,-121.349983,"3_6_7_95807"
39.64694,-120.574547,"3_6_91_66378"
39.646559,-120.714333,"3_6_91_68914"
39.500819,-120.204255,"3_6_91_99550"
36.697304,-118.907566,"5_6_107_97549"
38.050678,-120.064812,"5_6_109_64293"
38.112763,-119.92887,"5_6_109_77218"
37.967545,-119.60638,"5_6_109_87610"
37.344435,-118.978911,"5_6_19_63979"
37.435788,-119.108429,"5_6_19_64321"
36.941822,-119.089401,"5_6_19_68056"
37.13856,-119.102383,"5_6_19_69038"
36.985139,-118.789432,"5_6_19_90478"
37.420757,-119.414016,"5_6_39_51106"
37.279835,-119.419028,"5_6_39_67260"
37.458099,-119.581289,"5_6_39_79129"
37.629779,-119.122682,"5_6_39_88388"
38.559286,-119.843988,"5_6_3_75212"
37.774118,-119.433035,"5_6_43_53915"
37.736541,-119.755259,"5_6_43_56491"
37.796341,-119.613793,"5_6_43_58153"
37.750869,-119.51983,"5_6_43_74275"
37.627355,-119.623166,"5_6_43_94933"
38.487874,-120.454976,"5_6_5_72936"
41.052043,-122.688975,"2_6_105_52478"
40.839139,-122.717469,"2_6_105_76091"
40.895951,-122.889701,"2_6_105_91958"
40.721628,-120.963177,"2_6_35_58810"
40.217777,-120.890946,"2_6_35_60362"
40.834367,-120.827245,"2_6_35_63393"
40.334116,-120.753298,"2_6_35_66685"
40.455398,-121.701818,"2_6_89_51097"
41.140812,-121.661805,"2_6_89_55387"
41.051537,-122.42384,"2_6_89_61825"
41.071079,-122.128458,"2_6_89_64402"
41.111198,-121.971748,"2_6_89_72576"
40.893634,-121.802272,"2_6_89_74440"
40.752014,-121.784351,"2_6_89_80049"
40.616389,-121.74883,"2_6_89_88898"
41.423014,-121.835255,"2_6_93_58201"
41.478563,-121.688883,"2_6_93_63920"
41.242093,-122.292311,"2_6_93_77579"
40.346215,-121.52359,"3_6_103_75319"
40.300583,-121.407344,"3_6_103_94950"
39.403396,-121.108184,"3_6_115_63759"
38.554009,-120.420481,"3_6_17_55516"
38.906736,-120.302104,"3_6_17_57993"
38.895624,-120.887382,"3_6_17_61249"
38.754007,-120.296352,"3_6_17_72729"
38.606625,-120.430194,"3_6_17_85417"
38.913269,-120.741279,"3_6_17_96427"
39.2691,-120.766174,"3_6_57_53985"
39.106688,-120.791652,"3_6_61_50404"
39.224651,-120.630123,"3_6_61_51204"
39.24643,-120.345113,"3_6_61_58715"
39.10751,-120.466654,"3_6_61_66414"
39.093201,-120.295782,"3_6_61_95963"
39.937663,-120.569915,"3_6_63_53845"
39.993971,-121.026785,"3_6_63_65133"
39.90341,-120.83148,"3_6_63_84449"
40.194542,-121.150038,"3_6_63_94114"
40.002521,-120.554742,"3_6_63_95034"
39.887681,-120.38115,"3_6_63_95797"
39.85891,-121.473158,"3_6_7_58831"
39.572363,-121.13262,"3_6_7_79676"
39.540225,-120.975392,"3_6_91_60422"
39.550258,-120.683749,"3_6_91_64136"
39.452442,-120.490845,"3_6_91_78136"
39.600541,-120.841077,"3_6_91_96403"
36.081117,-118.561278,"5_6_107_61295"
36.608915,-118.725373,"5_6_107_84235"
35.973889,-118.585608,"5_6_107_90793"
37.861187,-119.74092,"5_6_109_51824"
38.01165,-119.748291,"5_6_109_53207"
38.258901,-120.258864,"5_6_109_89998"
37.807603,-119.857589,"5_6_109_92098"
38.153364,-120.059054,"5_6_109_99065"
37.156162,-119.213299,"5_6_19_86025"
37.182131,-119.224746,"5_6_19_87920"
35.764265,-118.264676,"5_6_29_95529"
37.389653,-119.425447,"5_6_39_63788"
37.331872,-119.538425,"5_6_39_67711"
37.589696,-119.120009,"5_6_39_68205"
38.831665,-119.885685,"5_6_3_50336"
37.906642,-120.594664,"5_6_9_76890"
40.92668,-122.850656,"2_6_105_53434"
41.107226,-122.549275,"2_6_105_55197"
41.273638,-122.623782,"2_6_105_72278"
41.089432,-122.898593,"2_6_105_73028"
40.82199,-122.697549,"2_6_105_95584"
40.293784,-120.569161,"2_6_35_56642"
40.792055,-121.091956,"2_6_35_70876"
41.133079,-120.822345,"2_6_35_81494"
41.23139,-121.305813,"2_6_49_69223"
40.550595,-121.529065,"2_6_89_61234"
41.179919,-122.434149,"2_6_89_71970"
40.895538,-121.764986,"2_6_89_72361"
41.154269,-122.258623,"2_6_89_90106"
40.699823,-121.584718,"2_6_89_99073"
41.503851,-121.665787,"2_6_93_52619"
41.343677,-121.645982,"2_6_93_64594"
41.389384,-121.708235,"2_6_93_64933"
41.210526,-122.134696,"2_6_93_69817"
41.209141,-121.800374,"2_6_93_82460"
41.236074,-121.446329,"2_6_93_92351"
40.407204,-121.698113,"3_6_103_52207"
40.407122,-121.519856,"3_6_103_72948"
40.249785,-121.670011,"3_6_103_83227"
38.897495,-120.233752,"3_6_17_65124"
38.971363,-120.700547,"3_6_17_77031"
38.819374,-120.707039,"3_6_17_86442"
39.315658,-120.909609,"3_6_57_72006"
39.497965,-120.656624,"3_6_57_74346"
39.052156,-120.287713,"3_6_61_87091"
39.02453,-120.593323,"3_6_61_92313"
40.037842,-120.369281,"3_6_63_69107"
39.989488,-120.984059,"3_6_63_78794"
39.988809,-120.702693,"3_6_63_80523"
39.796525,-120.839548,"3_6_63_85235"
39.794059,-120.953459,"3_6_63_87788"
40.268784,-121.324576,"3_6_63_97060"
39.598602,-121.162137,"3_6_7_51123"
40.047997,-121.471642,"3_6_7_58490"
39.739426,-121.446846,"3_6_7_71649"
39.459756,-120.788101,"3_6_91_65292"
39.56038,-120.030227,"3_6_91_66678"
39.657297,-120.955497,"3_6_91_71262"
39.499711,-120.971906,"3_6_91_95042"
36.064916,-118.218929,"5_6_107_60599"
35.912333,-118.222778,"5_6_107_77409"
36.208675,-118.536721,"5_6_107_79019"
36.103975,-118.71196,"5_6_107_84653"
35.980936,-118.685744,"5_6_107_93670"
36.701908,-118.598079,"5_6_107_96721"
36.062614,-118.537536,"5_6_107_97204"
36.461573,-118.725404,"5_6_107_97619"
38.211788,-120.013629,"5_6_109_90611"
36.792954,-118.726878,"5_6_19_59575"
35.51531,-118.336109,"5_6_29_72550"
37.468379,-119.543258,"5_6_39_66134"
37.616518,-119.091845,"5_6_39_82286"
38.598718,-119.925421,"5_6_3_58235"
38.408526,-119.889998,"5_6_3_78499"
37.57026,-119.671172,"5_6_43_52879"
37.750672,-119.699369,"5_6_43_84069"
38.69688,-120.10987,"5_6_5_61543"
38.200939,-120.348596,"5_6_9_78914"
41.193019,-122.872769,"2_6_105_76623"
40.857788,-122.673466,"2_6_105_91348"
41.053881,-122.875597,"2_6_105_91548"
40.883775,-122.809067,"2_6_105_96468"
40.495433,-121.318196,"2_6_35_52154"
40.387734,-120.873847,"2_6_35_59624"
40.548534,-121.214019,"2_6_35_81047"
41.407397,-120.325469,"2_6_49_88241"
41.220148,-120.707587,"2_6_49_89672"
40.802943,-122.232414,"2_6_89_53811"
41.067209,-122.063404,"2_6_89_59754"
40.502383,-121.523558,"2_6_89_60797"
41.04918,-122.349752,"2_6_89_69793"
41.159091,-121.579969,"2_6_89_75696"
40.90664,-122.495643,"2_6_89_88254"
40.647488,-121.380672,"2_6_89_91137"
40.453543,-121.663172,"2_6_89_92426"
40.771647,-121.688404,"2_6_89_92958"
40.987918,-121.892686,"2_6_89_96812"
41.441774,-121.476601,"2_6_93_57608"
41.285498,-121.901269,"2_6_93_62065"
41.314968,-121.616231,"2_6_93_65184"
41.431818,-121.760654,"2_6_93_91911"
40.209008,-121.460675,"3_6_103_66700"
40.125876,-121.60977,"3_6_103_78438"
39.554085,-121.092806,"3_6_115_58957"
38.955305,-120.697675,"3_6_17_64677"
38.954971,-120.418292,"3_6_17_73339"
38.585611,-120.490682,"3_6_17_86733"
39.290846,-120.091234,"3_6_61_56264"
39.236537,-120.58724,"3_6_61_62231"
39.075346,-120.562585,"3_6_61_93000"
40.337789,-121.32373,"3_6_63_56393"
40.209372,-120.944034,"3_6_63_75269"
40.005995,-121.278175,"3_6_63_77293"
40.049425,-120.822895,"3_6_63_78119"
40.04252,-120.634678,"3_6_63_81739"
39.840518,-120.965204,"3_6_63_84403"
40.189495,-121.023947,"3_6_63_92750"
39.973115,-121.593491,"3_6_7_53039"
39.679968,-121.250285,"3_6_7_78236"
39.862841,-121.410372,"3_6_7_96449"
39.576549,-120.787907,"3_6_91_50167"
39.456415,-120.439638,"3_6_91_99210"
39.551977,-120.910412,"3_6_91_99653"
36.104897,-118.499156,"5_6_107_54465"
36.117014,-118.221127,"5_6_107_62149"
36.106782,-118.646091,"5_6_107_62252"
35.816511,-118.340766,"5_6_107_65803"
38.11014,-120.132073,"5_6_109_65725"
38.349871,-120.009505,"5_6_109_76539"
37.815704,-119.800515,"5_6_109_78426"
37.955486,-120.162273,"5_6_109_88701"
37.972191,-119.841096,"5_6_109_88765"
36.739589,-118.850978,"5_6_19_74199"
37.189868,-119.168667,"5_6_19_81722"
35.61905,-118.635385,"5_6_29_80054"
37.322096,-119.492867,"5_6_39_53530"
38.634983,-119.871609,"5_6_3_65091"
38.505526,-120.064183,"5_6_3_85143"
37.667895,-119.494206,"5_6_43_54487"
38.463803,-120.330934,"5_6_9_55452"
40.910338,-122.807185,"2_6_105_55988"
41.211519,-122.55067,"2_6_105_62696"
41.145095,-122.681242,"2_6_105_63829"
40.944091,-122.95469,"2_6_105_75624"
41.28939,-122.559367,"2_6_105_82808"
40.787978,-121.059208,"2_6_35_72567"
39.929485,-120.093836,"2_6_35_86203"
41.287647,-120.300422,"2_6_49_89657"
41.206491,-121.249671,"2_6_49_96302"
40.511809,-121.788689,"2_6_89_57352"
41.140997,-122.16459,"2_6_89_75886"
40.592512,-121.323351,"2_6_89_82323"
41.536163,-121.763614,"2_6_93_62828"
41.344887,-121.57539,"2_6_93_66757"
40.243254,-121.438679,"3_6_103_84687"
38.698071,-120.496859,"3_6_17_81421"
38.687188,-120.149527,"3_6_17_91575"
40.437891,-121.333449,"3_6_63_55309"
39.81201,-120.921339,"3_6_63_64592"
40.103731,-121.083425,"3_6_63_77292"
40.405107,-121.458054,"3_6_63_83144"
39.803868,-121.213027,"3_6_63_92541"
40.10449,-121.267808,"3_6_63_95686"
39.738395,-121.381949,"3_6_7_81517"
39.941426,-121.553104,"3_6_7_92030"
39.532545,-120.268536,"3_6_91_92506"
36.073473,-118.168789,"5_6_107_64596"
36.013092,-118.343066,"5_6_107_99277"
38.081942,-120.114196,"5_6_109_51484"
37.910156,-119.672837,"5_6_109_78971"
38.055671,-119.943771,"5_6_109_94331"
38.259524,-120.145688,"5_6_109_96366"
37.772621,-119.805542,"5_6_109_98431"
36.999797,-119.106164,"5_6_19_66005"
36.950001,-118.974214,"5_6_19_74103"
36.791094,-118.966081,"5_6_19_99257"
35.664464,-118.57859,"5_6_29_52361"
37.302664,-119.459686,"5_6_39_98938"
38.420025,-119.837708,"5_6_3_54594"
37.57329,-119.608392,"5_6_43_58889"
38.406226,-120.1253,"5_6_9_77228"
41.047483,-122.808105,"2_6_105_76449"
40.543676,-121.133484,"2_6_35_73060"
40.549172,-121.264747,"2_6_35_86836"
41.373832,-120.92033,"2_6_49_60210"
41.346009,-120.749895,"2_6_49_64415"
41.093019,-121.964649,"2_6_89_55696"
40.456976,-121.581563,"2_6_89_57442"
40.980114,-121.83122,"2_6_89_66502"
40.472095,-121.740365,"2_6_89_91831"
41.392173,-122.032545,"2_6_93_83276"
41.248737,-122.491465,"2_6_93_92550"
41.245209,-121.934943,"2_6_93_95740"
40.016489,-121.701714,"3_6_103_78492"
40.150984,-121.543112,"3_6_103_82900"
40.298095,-121.585279,"3_6_103_88200"
39.603041,-121.039076,"3_6_115_54964"
38.885932,-120.78359,"3_6_17_61382"
38.989333,-120.360291,"3_6_17_73786"
38.756113,-120.460506,"3_6_17_78404"
39.375282,-120.766392,"3_6_57_87962"
39.138822,-120.350607,"3_6_61_56959"
39.232792,-120.216432,"3_6_61_63544"
39.097282,-120.674469,"3_6_61_76008"
39.28436,-120.362229,"3_6_61_90898"
39.05405,-120.790161,"3_6_61_92405"
39.152933,-120.539648,"3_6_61_93006"
39.902298,-121.026436,"3_6_63_88319"
40.151476,-121.209439,"3_6_63_90310"
39.695456,-120.894718,"3_6_91_97328"
39.600009,-120.720313,"3_6_91_98366"
37.975868,-119.76798,"5_6_109_70650"
37.809822,-119.747361,"5_6_109_73865"
36.757875,-118.941391,"5_6_19_50529"
37.086456,-118.980996,"5_6_19_54781"
37.438759,-118.979749,"5_6_19_60572"
37.078998,-119.261988,"5_6_19_73952"
38.326859,-120.27258,"5_6_9_65997"
41.329012,-120.779528,"2_6_49_63662"
41.001422,-122.161827,"2_6_89_55801"
41.079465,-121.725095,"2_6_89_78722"
41.045398,-122.028375,"2_6_89_79595"
41.116343,-121.672355,"2_6_89_94277"
38.580809,-120.434995,"3_6_17_51640"
38.900108,-120.470403,"3_6_17_57624"
38.958172,-120.350082,"3_6_17_66804"
38.526135,-120.471796,"3_6_17_72703"
39.007548,-120.833794,"3_6_61_51970"
39.294329,-120.064228,"3_6_61_66411"
39.631272,-120.728666,"3_6_91_90686"
36.262882,-118.476721,"5_6_107_53570"
35.815023,-118.589406,"5_6_107_56883"
36.254811,-118.17379,"5_6_107_66883"
35.855672,-118.317184,"5_6_107_80767"
38.158939,-120.261004,"5_6_109_75599"
38.32977,-119.979976,"5_6_109_75699"
38.504539,-120.312918,"5_6_5_54566"
38.3606,-120.289988,"5_6_9_83898"
